ISO-10303-21;
HEADER;

/* File generated by Shapr3D Version 5.760.0.7837 */

FILE_DESCRIPTION(('HOOPS Exchange Step'),'2;1');

FILE_NAME('/Users/tyoder/Library/Containers/com.shapr3d.shapr/Data/tmp/export/temp_export',
'2025-02-12T18:40:52-05:00',
('tyoder'),
('Shapr3D Limited'),
'HOOPS Exchange 2024.6',
'Shapr3D',
'Authorized');

FILE_SCHEMA( ('AP242_MANAGED_MODEL_BASED_3D_ENGINEERING_MIM_LF {1 0 10303 442 1 1 4 }') );

ENDSEC;

DATA;
#3=(NAMED_UNIT(*)PLANE_ANGLE_UNIT()SI_UNIT($,.RADIAN.));
#4=PLANE_ANGLE_MEASURE_WITH_UNIT(PLANE_ANGLE_MEASURE(0.0174532925),#3);
#5=(CONVERSION_BASED_UNIT('DEGREE',#4)NAMED_UNIT(#6)PLANE_ANGLE_UNIT());
#6=DIMENSIONAL_EXPONENTS(0.,0.,0.,0.,0.,0.,0.);
#7=(NAMED_UNIT(*)SI_UNIT($,.STERADIAN.)SOLID_ANGLE_UNIT());
#8=(LENGTH_UNIT()NAMED_UNIT(*)SI_UNIT(.MILLI.,.METRE.));
#9=UNCERTAINTY_MEASURE_WITH_UNIT(LENGTH_MEASURE(1.000000E-03),#8,'DISTANCE_ACCURACY_VALUE','Maximum Tolerance applied to model');
#10=(GEOMETRIC_REPRESENTATION_CONTEXT(3)GLOBAL_UNCERTAINTY_ASSIGNED_CONTEXT((#9))GLOBAL_UNIT_ASSIGNED_CONTEXT((#8,#5,#7))REPRESENTATION_CONTEXT('','root'));
#12=CARTESIAN_POINT('',(0.,0.,0.));
#13=DIRECTION('',(0.,0.,1.));
#14=DIRECTION('',(1.,0.,0.));
#15=AXIS2_PLACEMENT_3D('',#12,#13,#14);
#26=(NAMED_UNIT(*)PLANE_ANGLE_UNIT()SI_UNIT($,.RADIAN.));
#27=PLANE_ANGLE_MEASURE_WITH_UNIT(PLANE_ANGLE_MEASURE(0.0174532925),#26);
#28=(CONVERSION_BASED_UNIT('DEGREE',#27)NAMED_UNIT(#29)PLANE_ANGLE_UNIT());
#29=DIMENSIONAL_EXPONENTS(0.,0.,0.,0.,0.,0.,0.);
#30=(NAMED_UNIT(*)SI_UNIT($,.STERADIAN.)SOLID_ANGLE_UNIT());
#31=(LENGTH_UNIT()NAMED_UNIT(*)SI_UNIT(.MILLI.,.METRE.));
#32=UNCERTAINTY_MEASURE_WITH_UNIT(LENGTH_MEASURE(1.000000E-05),#31,'DISTANCE_ACCURACY_VALUE','Maximum Tolerance applied to model');
#33=(GEOMETRIC_REPRESENTATION_CONTEXT(3)GLOBAL_UNCERTAINTY_ASSIGNED_CONTEXT((#32))GLOBAL_UNIT_ASSIGNED_CONTEXT((#31,#28,#30))REPRESENTATION_CONTEXT('','80mm to 50mm Planter Module'));
#45=CARTESIAN_POINT('',(0.,0.,0.));
#46=DIRECTION('',(0.,0.,1.));
#47=DIRECTION('',(1.,0.,-0.));
#48=AXIS2_PLACEMENT_3D('',#45,#46,#47);
#49=ITEM_DEFINED_TRANSFORMATION('','',#48,#15);
#50=(REPRESENTATION_RELATIONSHIP('','',#35,#16)REPRESENTATION_RELATIONSHIP_WITH_TRANSFORMATION(#49)SHAPE_REPRESENTATION_RELATIONSHIP());
#51=NEXT_ASSEMBLY_USAGE_OCCURRENCE('80mm to 50mm Planter Module_1','80mm to 50mm Planter Module','80mm to 50mm Planter Module',#25,#44,$);
#52=PRODUCT_DEFINITION_SHAPE('','',#51);
#53=CONTEXT_DEPENDENT_SHAPE_REPRESENTATION(#50,#52);
#55=CARTESIAN_POINT('',(618.,490.939990326,-18.487885855));
#56=DIRECTION('',(-0.,0.573576436,0.819152044));
#57=DIRECTION('',(-0.,-0.819152044,0.573576436));
#58=AXIS2_PLACEMENT_3D('',#55,#56,#57);
#59=CONICAL_SURFACE('',#58,44.257451908,4.455602833);
#60=CARTESIAN_POINT('',(618.,488.972276801,65.));
#61=VERTEX_POINT('',#60);
#62=CARTESIAN_POINT('',(618.,452.364448185,2.9622155));
#63=VERTEX_POINT('',#62);
#64=CARTESIAN_POINT('',(618.,488.972276801,65.));
#65=DIRECTION('',(0.,-0.508205867,-0.861235622));
#66=VECTOR('',#65,72.033463207);
#67=LINE('',#64,#66);
#68=EDGE_CURVE('',#61,#63,#67,.T.);
#69=ORIENTED_EDGE('',*,*,#68,.F.);
#70=CARTESIAN_POINT('',(619.130397784,488.987220375,65.));
#71=VERTEX_POINT('',#70);
#72=CARTESIAN_POINT('',(618.,552.886078307,65.));
#73=DIRECTION('',(-0.,-0.,-1.));
#74=DIRECTION('',(-0.,1.,0.));
#75=AXIS2_PLACEMENT_3D('',#72,#73,#74);
#76=ELLIPSE('',#75,63.913801507,52.277133237);
#77=EDGE_CURVE('',#71,#61,#76,.T.);
#78=ORIENTED_EDGE('',*,*,#77,.F.);
#79=CARTESIAN_POINT('',(649.15692794,478.105573021,22.9622155));
#80=VERTEX_POINT('',#79);
#81=CARTESIAN_POINT('',(649.15692794,478.105573021,22.9622155));
#82=CARTESIAN_POINT('',(648.505883673,478.62428526,25.112337924));
#83=CARTESIAN_POINT('',(647.816869392,479.146820528,27.246205093));
#84=CARTESIAN_POINT('',(647.083477904,479.671259054,29.361721423));
#85=CARTESIAN_POINT('',(646.350086415,480.19569758,31.477237752));
#86=CARTESIAN_POINT('',(645.572421655,480.722054675,33.574441231));
#87=CARTESIAN_POINT('',(644.740963315,481.248324002,35.650004492));
#88=CARTESIAN_POINT('',(643.909504975,481.77459333,37.725567753));
#89=CARTESIAN_POINT('',(643.02447274,482.300801058,39.779572656));
#90=CARTESIAN_POINT('',(642.070905118,482.824553926,41.806598359));
#91=CARTESIAN_POINT('',(641.594121307,483.086430359,42.82011121));
#92=CARTESIAN_POINT('',(641.100103106,483.3476851,43.826840787));
#93=CARTESIAN_POINT('',(640.586094809,483.607940115,44.825772799));
#94=CARTESIAN_POINT('',(640.072086513,483.86819513,45.824704811));
#95=CARTESIAN_POINT('',(639.537364509,484.127785285,46.817109601));
#96=CARTESIAN_POINT('',(638.981422012,484.38479845,47.796131587));
#97=CARTESIAN_POINT('',(637.869537018,484.898824781,49.75417556));
#98=CARTESIAN_POINT('',(636.674106595,485.403127345,51.660936529));
#99=CARTESIAN_POINT('',(635.356993048,485.8906685,53.49369137));
#100=CARTESIAN_POINT('',(634.698436275,486.134439077,54.410068791));
#101=CARTESIAN_POINT('',(634.007237314,486.374513484,55.309782926));
#102=CARTESIAN_POINT('',(633.284511394,486.60655114,56.177112911));
#103=CARTESIAN_POINT('',(632.561785473,486.838588797,57.044442896));
#104=CARTESIAN_POINT('',(631.806804449,487.062993067,57.880913789));
#105=CARTESIAN_POINT('',(631.011089224,487.277443565,58.678497787));
#106=CARTESIAN_POINT('',(630.215373999,487.491894063,59.476081785));
#107=CARTESIAN_POINT('',(629.379147636,487.696448882,60.234990872));
#108=CARTESIAN_POINT('',(628.488840116,487.887464989,60.942358328));
#109=CARTESIAN_POINT('',(627.598532596,488.078481096,61.649725784));
#110=CARTESIAN_POINT('',(626.646946879,488.256897999,62.309002638));
#111=CARTESIAN_POINT('',(625.65297012,488.4108495,62.877102637));
#112=CARTESIAN_POINT('',(624.658993361,488.564801001,63.445202636));
#113=CARTESIAN_POINT('',(623.618505641,488.695643677,63.927165871));
#114=CARTESIAN_POINT('',(622.516408788,488.795602734,64.295105128));
#115=CARTESIAN_POINT('',(622.240884574,488.820592498,64.387089943));
#116=CARTESIAN_POINT('',(621.962466006,488.843527673,64.471489943));
#117=CARTESIAN_POINT('',(621.683247609,488.864152325,64.547374005));
#118=CARTESIAN_POINT('',(621.404029211,488.884776977,64.623258066));
#119=CARTESIAN_POINT('',(621.123373867,488.903150099,64.690843205));
#120=CARTESIAN_POINT('',(620.841242557,488.919208134,64.749904739));
#121=CARTESIAN_POINT('',(620.276979937,488.951324204,64.868027807));
#122=CARTESIAN_POINT('',(619.70681712,488.97418535,64.952077688));
#123=CARTESIAN_POINT('',(619.130397784,488.987220375,65.));
#124=B_SPLINE_CURVE_WITH_KNOTS('',3,(#81,#82,#83,#84,#85,#86,#87,#88,#89,#90,#91,#92,#93,#94,#95,#96,#97,#98,#99,#100,#101,#102,#103,#104,#105,#106,
#107,#108,#109,#110,#111,#112,#113,#114,#115,#116,#117,#118,#119,#120,#121,#122,#123),.UNSPECIFIED.,.F.,.F.,(4,3,3,3,3,3,3,3,3,3,3,3,3,3,4),(-0.056213409,-0.049326421,-0.042439432,-0.035552443,-0.032108949,-0.028665454,-0.021778466,-0.018334971,-0.014891477,-0.011447983,-0.008004488,-0.004560994,-0.00370012,-0.002839247,-0.001117499),.UNSPECIFIED.);
#125=EDGE_CURVE('',#80,#71,#124,.T.);
#126=ORIENTED_EDGE('',*,*,#125,.F.);
#127=CARTESIAN_POINT('',(649.85216481,471.140349982,8.9622155));
#128=VERTEX_POINT('',#127);
#129=CARTESIAN_POINT('',(649.85216481,471.140349982,8.9622155));
#130=CARTESIAN_POINT('',(649.528321922,471.461289145,10.215382572));
#131=CARTESIAN_POINT('',(649.265039881,471.855283732,11.448559791));
#132=CARTESIAN_POINT('',(649.064556112,472.313613207,12.665515595));
#133=CARTESIAN_POINT('',(648.864072344,472.771942682,13.8824714));
#134=CARTESIAN_POINT('',(648.726407011,473.294737913,15.083157085));
#135=CARTESIAN_POINT('',(648.658974702,473.882507931,16.268454414));
#136=CARTESIAN_POINT('',(648.642116625,474.029450436,16.564778746));
#137=CARTESIAN_POINT('',(648.629673192,474.18049547,16.860128548));
#138=CARTESIAN_POINT('',(648.621812846,474.335736692,17.15449145));
#139=CARTESIAN_POINT('',(648.613952499,474.490977914,17.448854353));
#140=CARTESIAN_POINT('',(648.610699295,474.650396511,17.742152165));
#141=CARTESIAN_POINT('',(648.612158737,474.812866331,18.032254432));
#142=CARTESIAN_POINT('',(648.61507762,475.137805971,18.612458966));
#143=CARTESIAN_POINT('',(648.63675391,475.47606506,19.182105987));
#144=CARTESIAN_POINT('',(648.677582696,475.827828648,19.741035664));
#145=CARTESIAN_POINT('',(648.75924027,476.531355824,20.858895018));
#146=CARTESIAN_POINT('',(648.917367092,477.288470188,21.934180899));
#147=CARTESIAN_POINT('',(649.15692794,478.105573021,22.9622155));
#148=B_SPLINE_CURVE_WITH_KNOTS('',3,(#129,#130,#131,#132,#133,#134,#135,#136,#137,#138,#139,#140,#141,#142,#143,#144,#145,#146,#147),.UNSPECIFIED.,.F.,.F.,(4,3,3,3,3,3,4),(0.,0.003946184,0.007892369,0.008878915,0.009865461,0.011838553,0.015784738),.UNSPECIFIED.);
#149=EDGE_CURVE('',#128,#80,#148,.T.);
#150=ORIENTED_EDGE('',*,*,#149,.F.);
#151=CARTESIAN_POINT('',(651.085058929,470.95901869,5.9622155));
#152=VERTEX_POINT('',#151);
#153=CARTESIAN_POINT('',(651.085058929,470.95901869,5.9622155));
#154=CARTESIAN_POINT('',(650.812284199,470.879080857,6.4342061));
#155=CARTESIAN_POINT('',(650.573391947,470.859328269,6.921596672));
#156=CARTESIAN_POINT('',(650.366770914,470.891132549,7.423660962));
#157=CARTESIAN_POINT('',(650.263460397,470.90703469,7.674693108));
#158=CARTESIAN_POINT('',(650.168067226,470.936149852,7.930211055));
#159=CARTESIAN_POINT('',(650.081818587,470.978014162,8.187881902));
#160=CARTESIAN_POINT('',(649.995569947,471.019878473,8.445552748));
#161=CARTESIAN_POINT('',(649.91898897,471.074124997,8.703627646));
#162=CARTESIAN_POINT('',(649.85216481,471.140349982,8.9622155));
#163=B_SPLINE_CURVE_WITH_KNOTS('',3,(#153,#154,#155,#156,#157,#158,#159,#160,#161,#162),.UNSPECIFIED.,.F.,.F.,(4,3,3,4),(0.,0.001627688,0.002441532,0.003255376),.UNSPECIFIED.);
#164=EDGE_CURVE('',#152,#128,#163,.T.);
#165=ORIENTED_EDGE('',*,*,#164,.F.);
#166=CARTESIAN_POINT('',(651.781183907,470.22229354,2.9622155));
#167=VERTEX_POINT('',#166);
#168=CARTESIAN_POINT('',(651.781183907,470.22229354,2.9622155));
#169=CARTESIAN_POINT('',(651.554961039,470.46705699,3.966718313));
#170=CARTESIAN_POINT('',(651.322922782,470.712773971,4.967005626));
#171=CARTESIAN_POINT('',(651.085058929,470.95901869,5.9622155));
#172=B_SPLINE_CURVE_WITH_KNOTS('',3,(#168,#169,#170,#171),.UNSPECIFIED.,.F.,.F.,(4,4),(3.990237249,4.282578809),.UNSPECIFIED.);
#173=EDGE_CURVE('',#167,#152,#172,.T.);
#174=ORIENTED_EDGE('',*,*,#173,.F.);
#175=CARTESIAN_POINT('',(651.781183907,470.22229354,2.9622155));
#176=CARTESIAN_POINT('',(638.048412763,452.364448185,2.9622155));
#177=CARTESIAN_POINT('',(618.,452.364448185,2.9622155));
#178=CARTESIAN_POINT('',(597.951587237,452.364448185,2.9622155));
#179=CARTESIAN_POINT('',(584.218816093,470.22229354,2.9622155));
#180=(BOUNDED_CURVE()
B_SPLINE_CURVE(2,(#175,#176,#177,#178,#179),.UNSPECIFIED.,.F.,.F.)
B_SPLINE_CURVE_WITH_KNOTS((3,2,3),(133.234071033,180.,226.765928967),.UNSPECIFIED.)
CURVE()
GEOMETRIC_REPRESENTATION_ITEM()
RATIONAL_B_SPLINE_CURVE((1.,0.917872667,1.,0.917872667,1.))
REPRESENTATION_ITEM(''));
#181=EDGE_CURVE('',#167,#63,#180,.T.);
#182=ORIENTED_EDGE('',*,*,#181,.T.);
#183=EDGE_LOOP('',(#69,#78,#126,#150,#165,#174,#182));
#184=FACE_BOUND('',#183,.T.);
#185=ADVANCED_FACE('',(#184),#59,.F.);
#186=CARTESIAN_POINT('',(1236.,0.,65.087209421));
#187=DIRECTION('',(0.,0.,-1.));
#188=DIRECTION('',(-1.,0.,-0.));
#189=AXIS2_PLACEMENT_3D('',#186,#187,#188);
#190=PLANE('',#189);
#191=CARTESIAN_POINT('',(579.471831904,461.244248221,65.087209421));
#192=VERTEX_POINT('',#191);
#193=CARTESIAN_POINT('',(586.621135374,466.917142669,65.087209421));
#194=VERTEX_POINT('',#193);
#195=CARTESIAN_POINT('',(594.979724705,452.290762139,65.087209421));
#196=DIRECTION('',(0.,0.,-1.));
#197=DIRECTION('',(-0.866025404,0.5,-0.));
#198=AXIS2_PLACEMENT_3D('',#195,#196,#197);
#199=ELLIPSE('',#198,17.906972166,14.564239955);
#200=EDGE_CURVE('',#192,#194,#199,.T.);
#201=ORIENTED_EDGE('',*,*,#200,.F.);
#202=CARTESIAN_POINT('',(578.133612935,452.216322573,65.087209421));
#203=VERTEX_POINT('',#202);
#204=CARTESIAN_POINT('',(594.979724705,452.290762139,65.087209421));
#205=DIRECTION('',(0.,0.,-1.));
#206=DIRECTION('',(-0.866025404,0.5,-0.));
#207=AXIS2_PLACEMENT_3D('',#204,#205,#206);
#208=ELLIPSE('',#207,17.906972166,14.564239955);
#209=EDGE_CURVE('',#203,#192,#208,.T.);
#210=ORIENTED_EDGE('',*,*,#209,.F.);
#211=CARTESIAN_POINT('',(618.,439.,65.087209421));
#212=DIRECTION('',(-0.,-0.,1.));
#213=DIRECTION('',(-1.,0.,-0.));
#214=AXIS2_PLACEMENT_3D('',#211,#212,#213);
#215=CIRCLE('',#214,42.);
#216=EDGE_CURVE('',#194,#203,#215,.T.);
#217=ORIENTED_EDGE('',*,*,#216,.F.);
#218=EDGE_LOOP('',(#201,#210,#217));
#219=FACE_BOUND('',#218,.T.);
#220=ADVANCED_FACE('',(#219),#190,.F.);
#221=CARTESIAN_POINT('',(1236.,0.,65.087209421));
#222=DIRECTION('',(0.,0.,-1.));
#223=DIRECTION('',(-1.,0.,-0.));
#224=AXIS2_PLACEMENT_3D('',#221,#222,#223);
#225=PLANE('',#224);
#226=CARTESIAN_POINT('',(656.528168096,461.244248221,65.087209421));
#227=VERTEX_POINT('',#226);
#228=CARTESIAN_POINT('',(657.866387065,452.216322573,65.087209421));
#229=VERTEX_POINT('',#228);
#230=CARTESIAN_POINT('',(641.020275295,452.290762139,65.087209421));
#231=DIRECTION('',(0.,0.,-1.));
#232=DIRECTION('',(0.866025404,0.5,0.));
#233=AXIS2_PLACEMENT_3D('',#230,#231,#232);
#234=ELLIPSE('',#233,17.906972166,14.564239955);
#235=EDGE_CURVE('',#227,#229,#234,.T.);
#236=ORIENTED_EDGE('',*,*,#235,.F.);
#237=CARTESIAN_POINT('',(649.378864626,466.917142669,65.087209421));
#238=VERTEX_POINT('',#237);
#239=CARTESIAN_POINT('',(641.020275295,452.290762139,65.087209421));
#240=DIRECTION('',(0.,0.,-1.));
#241=DIRECTION('',(0.866025404,0.5,0.));
#242=AXIS2_PLACEMENT_3D('',#239,#240,#241);
#243=ELLIPSE('',#242,17.906972166,14.564239955);
#244=EDGE_CURVE('',#238,#227,#243,.T.);
#245=ORIENTED_EDGE('',*,*,#244,.F.);
#246=CARTESIAN_POINT('',(618.,439.,65.087209421));
#247=DIRECTION('',(-0.,-0.,1.));
#248=DIRECTION('',(-1.,0.,-0.));
#249=AXIS2_PLACEMENT_3D('',#246,#247,#248);
#250=CIRCLE('',#249,42.);
#251=EDGE_CURVE('',#229,#238,#250,.T.);
#252=ORIENTED_EDGE('',*,*,#251,.F.);
#253=EDGE_LOOP('',(#236,#245,#252));
#254=FACE_BOUND('',#253,.T.);
#255=ADVANCED_FACE('',(#254),#225,.F.);
#256=CARTESIAN_POINT('',(1236.,0.,65.087209421));
#257=DIRECTION('',(0.,0.,-1.));
#258=DIRECTION('',(-1.,0.,-0.));
#259=AXIS2_PLACEMENT_3D('',#256,#257,#258);
#260=PLANE('',#259);
#261=CARTESIAN_POINT('',(618.,394.511503557,65.087209421));
#262=VERTEX_POINT('',#261);
#263=CARTESIAN_POINT('',(609.51247756,397.866534758,65.087209421));
#264=VERTEX_POINT('',#263);
#265=CARTESIAN_POINT('',(618.,412.418475723,65.087209421));
#266=DIRECTION('',(0.,0.,-1.));
#267=DIRECTION('',(0.,-1.,0.));
#268=AXIS2_PLACEMENT_3D('',#265,#266,#267);
#269=ELLIPSE('',#268,17.906972166,14.564239955);
#270=EDGE_CURVE('',#262,#264,#269,.T.);
#271=ORIENTED_EDGE('',*,*,#270,.F.);
#272=CARTESIAN_POINT('',(626.48752244,397.866534758,65.087209421));
#273=VERTEX_POINT('',#272);
#274=CARTESIAN_POINT('',(618.,412.418475723,65.087209421));
#275=DIRECTION('',(0.,0.,-1.));
#276=DIRECTION('',(0.,-1.,0.));
#277=AXIS2_PLACEMENT_3D('',#274,#275,#276);
#278=ELLIPSE('',#277,17.906972166,14.564239955);
#279=EDGE_CURVE('',#273,#262,#278,.T.);
#280=ORIENTED_EDGE('',*,*,#279,.F.);
#281=CARTESIAN_POINT('',(618.,397.,65.087209421));
#282=VERTEX_POINT('',#281);
#283=CARTESIAN_POINT('',(618.,439.,65.087209421));
#284=DIRECTION('',(-0.,-0.,1.));
#285=DIRECTION('',(-1.,0.,-0.));
#286=AXIS2_PLACEMENT_3D('',#283,#284,#285);
#287=CIRCLE('',#286,42.);
#288=EDGE_CURVE('',#282,#273,#287,.T.);
#289=ORIENTED_EDGE('',*,*,#288,.F.);
#290=CARTESIAN_POINT('',(618.,439.,65.087209421));
#291=DIRECTION('',(-0.,-0.,1.));
#292=DIRECTION('',(-1.,0.,-0.));
#293=AXIS2_PLACEMENT_3D('',#290,#291,#292);
#294=CIRCLE('',#293,42.);
#295=EDGE_CURVE('',#264,#282,#294,.T.);
#296=ORIENTED_EDGE('',*,*,#295,.F.);
#297=EDGE_LOOP('',(#271,#280,#289,#296));
#298=FACE_BOUND('',#297,.T.);
#299=ADVANCED_FACE('',(#298),#260,.F.);
#300=CARTESIAN_POINT('',(618.,490.939990326,-18.487885855));
#301=DIRECTION('',(-0.,0.573576436,0.819152044));
#302=DIRECTION('',(-0.,-0.819152044,0.573576436));
#303=AXIS2_PLACEMENT_3D('',#300,#301,#302);
#304=CONICAL_SURFACE('',#303,48.269577231,4.455602833);
#305=CARTESIAN_POINT('',(618.,480.999998137,59.360529785));
#306=VERTEX_POINT('',#305);
#307=CARTESIAN_POINT('',(618.,447.719958457,2.9622155));
#308=VERTEX_POINT('',#307);
#309=CARTESIAN_POINT('',(618.,480.999996867,59.360530534));
#310=DIRECTION('',(0.,-0.508205867,-0.861235622));
#311=VECTOR('',#310,65.485348707);
#312=LINE('',#309,#311);
#313=EDGE_CURVE('',#306,#308,#312,.T.);
#314=ORIENTED_EDGE('',*,*,#313,.T.);
#315=CARTESIAN_POINT('',(651.918949911,463.769029794,2.9622155));
#316=VERTEX_POINT('',#315);
#317=CARTESIAN_POINT('',(584.081050089,463.769029794,2.9622155));
#318=CARTESIAN_POINT('',(618.,426.016350438,2.9622155));
#319=CARTESIAN_POINT('',(651.918949911,463.769029794,2.9622155));
#320=(BOUNDED_CURVE()
B_SPLINE_CURVE(2,(#317,#318,#319),.UNSPECIFIED.,.F.,.F.)
B_SPLINE_CURVE_WITH_KNOTS((3,3),(137.685912028,222.314087972),.UNSPECIFIED.)
CURVE()
GEOMETRIC_REPRESENTATION_ITEM()
RATIONAL_B_SPLINE_CURVE((1.,0.739465591,1.))
REPRESENTATION_ITEM(''));
#321=EDGE_CURVE('',#308,#316,#320,.T.);
#322=ORIENTED_EDGE('',*,*,#321,.T.);
#323=CARTESIAN_POINT('',(584.081050089,463.769029794,2.9622155));
#324=CARTESIAN_POINT('',(584.701655436,464.618892782,5.768164221));
#325=CARTESIAN_POINT('',(585.369038504,465.466066159,8.559478659));
#326=CARTESIAN_POINT('',(586.090848644,466.309450009,11.333966957));
#327=CARTESIAN_POINT('',(586.812658785,467.152833858,14.108455255));
#328=CARTESIAN_POINT('',(587.588765443,467.992443396,16.866155906));
#329=CARTESIAN_POINT('',(588.430532205,468.826943765,19.60372158));
#330=CARTESIAN_POINT('',(589.272298968,469.661444134,22.341287254));
#331=CARTESIAN_POINT('',(590.179447225,470.490863118,25.058801527));
#332=CARTESIAN_POINT('',(591.169992879,471.313321059,27.750885388));
#333=CARTESIAN_POINT('',(592.160538532,472.135779,30.442969249));
#334=CARTESIAN_POINT('',(593.233783597,472.951341964,33.109833156));
#335=CARTESIAN_POINT('',(594.42127466,473.756923215,35.741995861));
#336=CARTESIAN_POINT('',(594.718147426,473.958318527,36.400036538));
#337=CARTESIAN_POINT('',(595.022261527,474.1590808,37.055877834));
#338=CARTESIAN_POINT('',(595.334358895,474.359139035,37.709296276));
#339=CARTESIAN_POINT('',(595.646456263,474.55919727,38.362714719));
#340=CARTESIAN_POINT('',(595.966799976,474.758709946,39.014227654));
#341=CARTESIAN_POINT('',(596.295316577,474.957012077,39.661672253));
#342=CARTESIAN_POINT('',(596.952349779,475.353616339,40.956561451));
#343=CARTESIAN_POINT('',(597.641311342,475.745104693,42.234284108));
#344=CARTESIAN_POINT('',(598.369742278,476.13021656,43.490801758));
#345=CARTESIAN_POINT('',(599.098173215,476.515328427,44.747319408));
#346=CARTESIAN_POINT('',(599.865907637,476.89409125,45.982720977));
#347=CARTESIAN_POINT('',(600.68460486,477.264567045,47.190759135));
#348=CARTESIAN_POINT('',(601.093953472,477.449804943,47.794778214));
#349=CARTESIAN_POINT('',(601.516394891,477.633043352,48.392191519));
#350=CARTESIAN_POINT('',(601.951097996,477.81279099,48.978147747));
#351=CARTESIAN_POINT('',(602.385801102,477.992538629,49.564103976));
#352=CARTESIAN_POINT('',(602.83328427,478.169046931,50.139422991));
#353=CARTESIAN_POINT('',(603.295513814,478.341810914,50.702470196));
#354=CARTESIAN_POINT('',(604.219972902,478.68733888,51.828564605));
#355=CARTESIAN_POINT('',(605.202419031,479.018144755,52.906402172));
#356=CARTESIAN_POINT('',(606.267315597,479.327957011,53.915643049));
#357=CARTESIAN_POINT('',(606.79976388,479.482863139,54.420263487));
#358=CARTESIAN_POINT('',(607.353020144,479.632470938,54.907572264));
#359=CARTESIAN_POINT('',(607.932190091,479.775473065,55.373323811));
#360=CARTESIAN_POINT('',(608.221775065,479.846974128,55.606199584));
#361=CARTESIAN_POINT('',(608.517221286,479.9166393,55.833085104));
#362=CARTESIAN_POINT('',(608.817167742,479.983845497,56.051953369));
#363=CARTESIAN_POINT('',(609.117114197,480.051051693,56.270821634));
#364=CARTESIAN_POINT('',(609.422079627,480.115928131,56.482093174));
#365=CARTESIAN_POINT('',(609.732529274,480.17825795,56.685064072));
#366=CARTESIAN_POINT('',(610.353428568,480.302917588,57.091005866));
#367=CARTESIAN_POINT('',(610.996152853,480.417442917,57.46391436));
#368=CARTESIAN_POINT('',(611.66555875,480.51957194,57.796440898));
#369=CARTESIAN_POINT('',(612.334964647,480.621700962,58.128967437));
#370=CARTESIAN_POINT('',(613.035088884,480.711638101,58.421776286));
#371=CARTESIAN_POINT('',(613.746331444,480.784043651,58.65749963));
#372=CARTESIAN_POINT('',(614.457574005,480.856449201,58.893222974));
#373=CARTESIAN_POINT('',(615.183764083,480.912077546,59.074316231));
#374=CARTESIAN_POINT('',(615.926794721,480.948799981,59.193861933));
#375=CARTESIAN_POINT('',(616.29831004,480.967161199,59.253634783));
#376=CARTESIAN_POINT('',(616.674574242,480.980798531,59.29802881));
#377=CARTESIAN_POINT('',(617.054213019,480.989349685,59.325865634));
#378=CARTESIAN_POINT('',(617.433851796,480.99790084,59.353702459));
#379=CARTESIAN_POINT('',(617.815279847,481.001310135,59.364800754));
#380=CARTESIAN_POINT('',(618.194978789,480.999547417,59.359062545));
#381=CARTESIAN_POINT('',(619.713774559,480.992496545,59.336109709));
#382=CARTESIAN_POINT('',(621.178710587,480.903901888,59.047716154));
#383=CARTESIAN_POINT('',(622.59882375,480.747464835,58.538412934));
#384=CARTESIAN_POINT('',(622.95385204,480.708355571,58.411087129));
#385=CARTESIAN_POINT('',(623.303863837,480.665190283,58.270553345));
#386=CARTESIAN_POINT('',(623.645772731,480.618808852,58.119544128));
#387=CARTESIAN_POINT('',(623.987681626,480.572427421,57.968534911));
#388=CARTESIAN_POINT('',(624.322674897,480.522700508,57.806629182));
#389=CARTESIAN_POINT('',(624.651452233,480.469967244,57.634929193));
#390=CARTESIAN_POINT('',(625.309006904,480.364500715,57.291529215));
#391=CARTESIAN_POINT('',(625.941783633,480.247050303,56.909087386));
#392=CARTESIAN_POINT('',(626.554044613,480.119682887,56.494317837));
#393=CARTESIAN_POINT('',(626.860175103,480.05599918,56.286933062));
#394=CARTESIAN_POINT('',(627.161152988,479.989824752,56.071429069));
#395=CARTESIAN_POINT('',(627.457391989,479.921360397,55.848457535));
#396=CARTESIAN_POINT('',(627.753630989,479.852896043,55.625486002));
#397=CARTESIAN_POINT('',(628.045678853,479.781993507,55.3945643));
#398=CARTESIAN_POINT('',(628.330953102,479.709598475,55.158770193));
#399=CARTESIAN_POINT('',(628.901501599,479.564808411,54.68718198));
#400=CARTESIAN_POINT('',(629.447060982,479.413676326,54.194893605));
#401=CARTESIAN_POINT('',(629.972442908,479.257429262,53.685889078));
#402=CARTESIAN_POINT('',(631.023206759,478.944935135,52.667880024));
#403=CARTESIAN_POINT('',(631.99400328,478.612169897,51.583621319));
#404=CARTESIAN_POINT('',(632.908150468,478.265086905,50.452417948));
#405=CARTESIAN_POINT('',(633.365224062,478.091545409,49.886816262));
#406=CARTESIAN_POINT('',(633.807901836,477.914365054,49.309285047));
#407=CARTESIAN_POINT('',(634.238072587,477.73402895,48.721387771));
#408=CARTESIAN_POINT('',(634.668243338,477.553692845,48.133490495));
#409=CARTESIAN_POINT('',(635.086525062,477.369889236,47.534210333));
#410=CARTESIAN_POINT('',(635.490808521,477.18470397,46.930338367));
#411=CARTESIAN_POINT('',(636.299375438,476.814333438,45.722594435));
#412=CARTESIAN_POINT('',(637.055160371,476.437400451,44.493107582));
#413=CARTESIAN_POINT('',(637.770884882,476.055527401,43.247105857));
#414=CARTESIAN_POINT('',(638.486609394,475.673654351,42.001104132));
#415=CARTESIAN_POINT('',(639.16207636,475.286816291,40.738506467));
#416=CARTESIAN_POINT('',(639.805358363,474.896049179,39.462628392));
#417=CARTESIAN_POINT('',(640.448640366,474.505282067,38.186750317));
#418=CARTESIAN_POINT('',(641.059645532,474.110574262,36.897554053));
#419=CARTESIAN_POINT('',(641.643873477,473.712638145,35.597296352));
#420=CARTESIAN_POINT('',(642.812329368,472.916765912,32.996780951));
#421=CARTESIAN_POINT('',(643.874515592,472.108083819,30.352365799));
#422=CARTESIAN_POINT('',(644.857808502,471.290217132,27.675260507));
#423=CARTESIAN_POINT('',(645.841101412,470.472350446,24.998155214));
#424=CARTESIAN_POINT('',(646.745081573,469.645097938,22.287706428));
#425=CARTESIAN_POINT('',(647.585436593,468.811104334,19.551760162));
#426=CARTESIAN_POINT('',(648.425791613,467.97711073,16.815813895));
#427=CARTESIAN_POINT('',(649.199513819,467.13919259,14.063622073));
#428=CARTESIAN_POINT('',(649.918517557,466.298502467,11.297952474));
#429=CARTESIAN_POINT('',(650.637521296,465.457812344,8.532282875));
#430=CARTESIAN_POINT('',(651.301674941,464.614332131,5.753106555));
#431=CARTESIAN_POINT('',(651.918949911,463.769029794,2.9622155));
#432=B_SPLINE_CURVE_WITH_KNOTS('',3,(#323,#324,#325,#326,#327,#328,#329,#330,#331,#332,#333,#334,#335,#336,#337,#338,#339,#340,#341,#342,#343,#344,#345,#346,#347,#348,
#349,#350,#351,#352,#353,#354,#355,#356,#357,#358,#359,#360,#361,#362,#363,#364,#365,#366,#367,#368,#369,#370,#371,#372,#373,
#374,#375,#376,#377,#378,#379,#380,#381,#382,#383,#384,#385,#386,#387,#388,#389,#390,#391,#392,#393,#394,#395,#396,#397,#398,
#399,#400,#401,#402,#403,#404,#405,#406,#407,#408,#409,#410,#411,#412,#413,#414,#415,#416,#417,#418,#419,#420,#421,#422,#423,
#424,#425,#426,#427,#428,#429,#430,#431),.UNSPECIFIED.,.F.,.F.,(4,3,3,3,3,3,3,3,3,3,3,3,3,3,3,3,3,3,3,3,3,3,3,3,3,3,
3,3,3,3,3,3,3,3,3,3,4),(0.,0.008947677,0.017895355,0.026843032,0.035790709,0.038027628,0.040264548,0.044738386,0.049212225,0.051449144,0.053686064,0.058159902,0.060396822,0.061515281,0.062633741,0.06487066,0.06710758,0.069344499,0.070462959,0.071581418,0.076055257,0.077173717,0.078292176,0.080529096,0.081647555,0.082766015,
0.085002934,0.089476773,0.091713692,0.093950612,0.09842445,0.102898289,0.107372128,0.116319805,0.125267482,0.134215159,0.143162837),.UNSPECIFIED.);
#433=EDGE_CURVE('',#306,#316,#432,.T.);
#434=ORIENTED_EDGE('',*,*,#433,.F.);
#435=EDGE_LOOP('',(#314,#322,#434));
#436=FACE_BOUND('',#435,.T.);
#437=ADVANCED_FACE('',(#436),#304,.T.);
#438=CARTESIAN_POINT('',(618.,439.,52.9622155));
#439=DIRECTION('',(-0.,0.,1.));
#440=DIRECTION('',(0.,-1.,0.));
#441=AXIS2_PLACEMENT_3D('',#438,#439,#440);
#442=CYLINDRICAL_SURFACE('',#441,50.);
#443=CARTESIAN_POINT('',(618.,389.,65.));
#444=VERTEX_POINT('',#443);
#445=CARTESIAN_POINT('',(618.,389.,22.9622155));
#446=VERTEX_POINT('',#445);
#447=CARTESIAN_POINT('',(618.,389.,65.));
#448=DIRECTION('',(0.,-0.,-1.));
#449=VECTOR('',#448,42.0377845);
#450=LINE('',#447,#449);
#451=EDGE_CURVE('',#444,#446,#450,.T.);
#452=ORIENTED_EDGE('',*,*,#451,.T.);
#453=CARTESIAN_POINT('',(618.,439.,22.9622155));
#454=DIRECTION('',(-0.,0.,1.));
#455=DIRECTION('',(1.,0.,0.));
#456=AXIS2_PLACEMENT_3D('',#453,#454,#455);
#457=CIRCLE('',#456,50.);
#458=EDGE_CURVE('',#446,#80,#457,.T.);
#459=ORIENTED_EDGE('',*,*,#458,.T.);
#460=ORIENTED_EDGE('',*,*,#125,.T.);
#461=CARTESIAN_POINT('',(616.869602216,488.987220375,65.));
#462=VERTEX_POINT('',#461);
#463=CARTESIAN_POINT('',(618.,439.,65.));
#464=DIRECTION('',(-0.,-0.,-1.));
#465=DIRECTION('',(1.,0.,-0.));
#466=AXIS2_PLACEMENT_3D('',#463,#464,#465);
#467=CIRCLE('',#466,50.);
#468=EDGE_CURVE('',#462,#71,#467,.T.);
#469=ORIENTED_EDGE('',*,*,#468,.F.);
#470=CARTESIAN_POINT('',(586.84307206,478.105573021,22.9622155));
#471=VERTEX_POINT('',#470);
#472=CARTESIAN_POINT('',(616.869602216,488.987220375,65.));
#473=CARTESIAN_POINT('',(615.711919316,488.96104084,64.903753049));
#474=CARTESIAN_POINT('',(614.583520542,488.895427303,64.662550033));
#475=CARTESIAN_POINT('',(613.480806364,488.795350073,64.294175107));
#476=CARTESIAN_POINT('',(613.205127819,488.770330765,64.202081375));
#477=CARTESIAN_POINT('',(612.930188663,488.74305244,64.101650233));
#478=CARTESIAN_POINT('',(612.659260667,488.713946769,63.994458948));
#479=CARTESIAN_POINT('',(612.388332672,488.684841099,63.887267662));
#480=CARTESIAN_POINT('',(612.121581999,488.653946267,63.773457067));
#481=CARTESIAN_POINT('',(611.85867634,488.621408119,63.653552781));
#482=CARTESIAN_POINT('',(611.332865024,488.556331822,63.413744208));
#483=CARTESIAN_POINT('',(610.822398432,488.48469743,63.149616849));
#484=CARTESIAN_POINT('',(610.32512871,488.40745238,62.864566704));
#485=CARTESIAN_POINT('',(609.330589266,488.252962281,62.294466414));
#486=CARTESIAN_POINT('',(608.38852942,488.076161938,61.641162711));
#487=CARTESIAN_POINT('',(607.487165146,487.882310741,60.923270869));
#488=CARTESIAN_POINT('',(607.036483009,487.785385142,60.564324948));
#489=CARTESIAN_POINT('',(606.599624971,487.684920691,60.19191193));
#490=CARTESIAN_POINT('',(606.176038848,487.581827288,59.809322425));
#491=CARTESIAN_POINT('',(605.752452725,487.478733886,59.42673292));
#492=CARTESIAN_POINT('',(605.34159195,487.372888174,59.033510289));
#493=CARTESIAN_POINT('',(604.941717088,487.264699806,58.631099024));
#494=CARTESIAN_POINT('',(604.141967366,487.048323072,57.826276492));
#495=CARTESIAN_POINT('',(603.385916485,486.822631422,56.984903249));
#496=CARTESIAN_POINT('',(602.663857332,486.58994356,56.115031728));
#497=CARTESIAN_POINT('',(601.941798178,486.357255698,55.245160208));
#498=CARTESIAN_POINT('',(601.253859688,486.117542097,54.346683112));
#499=CARTESIAN_POINT('',(600.593648704,485.872368562,53.424893455));
#500=CARTESIAN_POINT('',(600.263543213,485.749781794,52.963998626));
#501=CARTESIAN_POINT('',(599.939953746,485.625636469,52.496545542));
#502=CARTESIAN_POINT('',(599.624231155,485.500872243,52.026007903));
#503=CARTESIAN_POINT('',(599.308508564,485.376108016,51.555470265));
#504=CARTESIAN_POINT('',(599.000494728,485.250679283,51.081679259));
#505=CARTESIAN_POINT('',(598.699395937,485.124686263,50.604961763));
#506=CARTESIAN_POINT('',(598.097198356,484.872700221,49.651526771));
#507=CARTESIAN_POINT('',(597.522562858,484.618467883,48.686426607));
#508=CARTESIAN_POINT('',(596.970670444,484.362620057,47.711640208));
#509=CARTESIAN_POINT('',(595.866885614,483.850924404,45.76206741));
#510=CARTESIAN_POINT('',(594.853338365,483.332843419,43.774056382));
#511=CARTESIAN_POINT('',(593.905969609,482.811844283,41.757406126));
#512=CARTESIAN_POINT('',(592.958600853,482.290845148,39.740755869));
#513=CARTESIAN_POINT('',(592.077889273,481.766870464,37.695268471));
#514=CARTESIAN_POINT('',(591.249665862,481.242391309,35.626605531));
#515=CARTESIAN_POINT('',(590.421442451,480.717912155,33.55794259));
#516=CARTESIAN_POINT('',(589.645907428,480.192902186,31.46602192));
#517=CARTESIAN_POINT('',(588.913967951,479.669432497,29.354353225));
#518=CARTESIAN_POINT('',(588.182028473,479.145962808,27.242684531));
#519=CARTESIAN_POINT('',(587.493780595,478.624017769,25.111229145));
#520=CARTESIAN_POINT('',(586.84307206,478.105573021,22.9622155));
#521=B_SPLINE_CURVE_WITH_KNOTS('',3,(#472,#473,#474,#475,#476,#477,#478,#479,#480,#481,#482,#483,#484,#485,#486,#487,#488,#489,#490,#491,#492,#493,#494,#495,#496,#497,
#498,#499,#500,#501,#502,#503,#504,#505,#506,#507,#508,#509,#510,#511,#512,#513,#514,#515,#516,#517,#518,#519,#520),.UNSPECIFIED.,.F.,.F.,(4,3,3,3,3,3,3,3,3,3,3,3,3,3,3,3,4),(0.001118829,0.004584966,0.005451501,0.006318035,0.008051103,0.01151724,0.013250309,0.014983377,0.018449514,0.021915651,0.02364872,0.025381788,0.028847925,0.035780199,0.042712473,0.049644747,0.056577021),.UNSPECIFIED.);
#522=EDGE_CURVE('',#462,#471,#521,.T.);
#523=ORIENTED_EDGE('',*,*,#522,.T.);
#524=CARTESIAN_POINT('',(618.,439.,22.9622155));
#525=DIRECTION('',(-0.,0.,1.));
#526=DIRECTION('',(1.,0.,0.));
#527=AXIS2_PLACEMENT_3D('',#524,#525,#526);
#528=CIRCLE('',#527,50.);
#529=EDGE_CURVE('',#471,#446,#528,.T.);
#530=ORIENTED_EDGE('',*,*,#529,.T.);
#531=ORIENTED_EDGE('',*,*,#451,.F.);
#532=CARTESIAN_POINT('',(616.962542475,389.01076434,65.));
#533=VERTEX_POINT('',#532);
#534=CARTESIAN_POINT('',(618.,439.,65.));
#535=DIRECTION('',(-0.,-0.,-1.));
#536=DIRECTION('',(1.,0.,-0.));
#537=AXIS2_PLACEMENT_3D('',#534,#535,#536);
#538=CIRCLE('',#537,50.);
#539=EDGE_CURVE('',#444,#533,#538,.T.);
#540=ORIENTED_EDGE('',*,*,#539,.T.);
#541=CARTESIAN_POINT('',(595.037241662,394.584780429,123.199952477));
#542=VERTEX_POINT('',#541);
#543=CARTESIAN_POINT('',(616.962542475,389.01076434,65.));
#544=CARTESIAN_POINT('',(616.227384914,389.026021519,65.035569915));
#545=CARTESIAN_POINT('',(615.492365959,389.0574921,65.10892256));
#546=CARTESIAN_POINT('',(614.757489747,389.105249502,65.221360086));
#547=CARTESIAN_POINT('',(614.390051642,389.129128203,65.277578849));
#548=CARTESIAN_POINT('',(614.023370227,389.157061651,65.343551411));
#549=CARTESIAN_POINT('',(613.661302754,389.188598632,65.418454136));
#550=CARTESIAN_POINT('',(613.299235281,389.220135614,65.49335686));
#551=CARTESIAN_POINT('',(612.940674718,389.255343563,65.577350397));
#552=CARTESIAN_POINT('',(612.585539689,389.294028331,65.670267907));
#553=CARTESIAN_POINT('',(611.164999573,389.448767404,66.041937948));
#554=CARTESIAN_POINT('',(609.798839173,389.659044936,66.555134912));
#555=CARTESIAN_POINT('',(608.485783878,389.913548798,67.210593677));
#556=CARTESIAN_POINT('',(608.157520055,389.977174764,67.374458368));
#557=CARTESIAN_POINT('',(607.833137118,390.0434847,67.547093123));
#558=CARTESIAN_POINT('',(607.515563551,390.111590409,67.726711393));
#559=CARTESIAN_POINT('',(607.197989983,390.179696118,67.906329664));
#560=CARTESIAN_POINT('',(606.886348692,390.24976426,68.093363376));
#561=CARTESIAN_POINT('',(606.58043444,390.321529169,68.287625664));
#562=CARTESIAN_POINT('',(605.968605938,390.465058987,68.676150239));
#563=CARTESIAN_POINT('',(605.37967518,390.615361924,69.093579798));
#564=CARTESIAN_POINT('',(604.812430712,390.770465311,69.538953845));
#565=CARTESIAN_POINT('',(604.245186244,390.925568699,69.984327893));
#566=CARTESIAN_POINT('',(603.699652673,391.08547377,70.457679624));
#567=CARTESIAN_POINT('',(603.17502752,391.248348814,70.958557773));
#568=CARTESIAN_POINT('',(602.912714944,391.329786336,71.208996848));
#569=CARTESIAN_POINT('',(602.655375235,391.41206297,71.466652348));
#570=CARTESIAN_POINT('',(602.405334293,391.494143503,71.728831795));
#571=CARTESIAN_POINT('',(602.155293351,391.576224037,71.991011242));
#572=CARTESIAN_POINT('',(601.911996175,391.658274744,72.258221056));
#573=CARTESIAN_POINT('',(601.675115899,391.740099883,72.530271868));
#574=CARTESIAN_POINT('',(600.727594799,392.067400438,73.618475116));
#575=CARTESIAN_POINT('',(599.882291249,392.390777788,74.783883797));
#576=CARTESIAN_POINT('',(599.123788273,392.700014786,76.017837917));
#577=CARTESIAN_POINT('',(598.934162529,392.777324035,76.326326447));
#578=CARTESIAN_POINT('',(598.749996386,392.853764434,76.639120688));
#579=CARTESIAN_POINT('',(598.571099347,392.929208609,76.956113946));
#580=CARTESIAN_POINT('',(598.392202308,393.004652784,77.273107203));
#581=CARTESIAN_POINT('',(598.218791278,393.079013012,77.593973676));
#582=CARTESIAN_POINT('',(598.051601087,393.151757059,77.91660695));
#583=CARTESIAN_POINT('',(597.717220705,393.297245151,78.561873496));
#584=CARTESIAN_POINT('',(597.406441868,393.436778859,79.216400217));
#585=CARTESIAN_POINT('',(597.116603854,393.570012487,79.879313609));
#586=CARTESIAN_POINT('',(596.536927826,393.836479744,81.205140392));
#587=CARTESIAN_POINT('',(596.040682166,394.077644613,82.564414419));
#588=CARTESIAN_POINT('',(595.61218364,394.292219037,83.951861318));
#589=CARTESIAN_POINT('',(595.183685115,394.50679346,85.339308218));
#590=CARTESIAN_POINT('',(594.823085127,394.694820811,86.754973723));
#591=CARTESIAN_POINT('',(594.51945533,394.856325232,88.195028089));
#592=CARTESIAN_POINT('',(594.367640432,394.937077442,88.915055272));
#593=CARTESIAN_POINT('',(594.23048937,395.011024201,89.63977976));
#594=CARTESIAN_POINT('',(594.107421717,395.077970186,90.363902966));
#595=CARTESIAN_POINT('',(593.984354065,395.14491617,91.088026173));
#596=CARTESIAN_POINT('',(593.875050638,395.205033472,91.813042173));
#597=CARTESIAN_POINT('',(593.778126675,395.258705407,92.538869666));
#598=CARTESIAN_POINT('',(593.58427875,395.366049279,93.990524651));
#599=CARTESIAN_POINT('',(593.439761097,395.447631466,95.445415492));
#600=CARTESIAN_POINT('',(593.336323453,395.506287131,96.903042332));
#601=CARTESIAN_POINT('',(593.129448165,395.62359846,99.818296012));
#602=CARTESIAN_POINT('',(593.085287484,395.649499757,102.744403594));
#603=CARTESIAN_POINT('',(593.166573531,395.602984782,105.678933606));
#604=CARTESIAN_POINT('',(593.207216555,395.579727295,107.146198612));
#605=CARTESIAN_POINT('',(593.279773809,395.538245474,108.616698899));
#606=CARTESIAN_POINT('',(593.381613598,395.480635908,110.086760612));
#607=CARTESIAN_POINT('',(593.483453387,395.423026342,111.556822325));
#608=CARTESIAN_POINT('',(593.614236139,395.349489566,113.022210527));
#609=CARTESIAN_POINT('',(593.772033082,395.262080308,114.483303578));
#610=CARTESIAN_POINT('',(594.087626968,395.087261791,117.405489682));
#611=CARTESIAN_POINT('',(594.51035074,394.857184102,120.310626037));
#612=CARTESIAN_POINT('',(595.037241662,394.584780429,123.199952477));
#613=B_SPLINE_CURVE_WITH_KNOTS('',3,(#543,#544,#545,#546,#547,#548,#549,#550,#551,#552,#553,#554,#555,#556,#557,#558,#559,#560,#561,#562,#563,#564,#565,#566,#567,#568,
#569,#570,#571,#572,#573,#574,#575,#576,#577,#578,#579,#580,#581,#582,#583,#584,#585,#586,#587,#588,#589,#590,#591,#592,#593,
#594,#595,#596,#597,#598,#599,#600,#601,#602,#603,#604,#605,#606,#607,#608,#609,#610,#611,#612),.UNSPECIFIED.,.F.,.F.,(4,3,3,3,3,3,3,3,3,3,3,3,3,3,3,3,3,3,3,3,3,3,3,4),(0.071875593,0.074047303,0.075133158,0.076219013,0.080562434,0.081648289,0.082734144,0.084905854,0.087077564,0.088163419,0.089249274,0.093592695,0.09467855,0.095764405,0.097936115,0.102279536,0.106622956,0.108794666,0.110966376,0.115309797,0.123996637,0.128340058,0.132683478,0.141370319),.UNSPECIFIED.);
#614=EDGE_CURVE('',#533,#542,#613,.T.);
#615=ORIENTED_EDGE('',*,*,#614,.T.);
#616=CARTESIAN_POINT('',(597.721194831,393.296935979,134.632223909));
#617=VERTEX_POINT('',#616);
#618=CARTESIAN_POINT('',(595.037241662,394.584780429,123.199952477));
#619=CARTESIAN_POINT('',(595.389443267,394.402691487,125.13133024));
#620=CARTESIAN_POINT('',(595.787448267,394.202143138,127.049875294));
#621=CARTESIAN_POINT('',(596.233453879,393.986474588,128.95544796));
#622=CARTESIAN_POINT('',(596.679459491,393.770806039,130.861020627));
#623=CARTESIAN_POINT('',(597.173389669,393.540001392,132.753636968));
#624=CARTESIAN_POINT('',(597.721194831,393.296935979,134.632223909));
#625=B_SPLINE_CURVE_WITH_KNOTS('',3,(#618,#619,#620,#621,#622,#623,#624),.UNSPECIFIED.,.F.,.F.,(4,3,4),(0.,0.005906754,0.011813508),.UNSPECIFIED.);
#626=EDGE_CURVE('',#542,#617,#625,.T.);
#627=ORIENTED_EDGE('',*,*,#626,.T.);
#628=CARTESIAN_POINT('',(568.280582942,444.289571576,134.632223909));
#629=VERTEX_POINT('',#628);
#630=CARTESIAN_POINT('',(618.,439.,134.632223909));
#631=DIRECTION('',(0.,0.,1.));
#632=DIRECTION('',(1.,0.,-0.));
#633=AXIS2_PLACEMENT_3D('',#630,#631,#632);
#634=CIRCLE('',#633,50.);
#635=EDGE_CURVE('',#629,#617,#634,.T.);
#636=ORIENTED_EDGE('',*,*,#635,.F.);
#637=CARTESIAN_POINT('',(568.053912368,441.321277723,123.199952477));
#638=VERTEX_POINT('',#637);
#639=CARTESIAN_POINT('',(568.280582942,444.289571576,134.632223909));
#640=CARTESIAN_POINT('',(568.217181184,443.693625682,132.753636968));
#641=CARTESIAN_POINT('',(568.170098783,443.150467277,130.861020627));
#642=CARTESIAN_POINT('',(568.133870419,442.656380813,128.95544796));
#643=CARTESIAN_POINT('',(568.097642056,442.162294348,127.049875294));
#644=CARTESIAN_POINT('',(568.072319521,441.717337732,125.13133024));
#645=CARTESIAN_POINT('',(568.053912368,441.321277723,123.199952477));
#646=B_SPLINE_CURVE_WITH_KNOTS('',3,(#639,#640,#641,#642,#643,#644,#645),.UNSPECIFIED.,.F.,.F.,(4,3,4),(0.,0.005906754,0.011813508),.UNSPECIFIED.);
#647=EDGE_CURVE('',#629,#638,#646,.T.);
#648=ORIENTED_EDGE('',*,*,#647,.T.);
#649=CARTESIAN_POINT('',(574.18932324,463.096153258,65.));
#650=VERTEX_POINT('',#649);
#651=CARTESIAN_POINT('',(568.053912368,441.321277723,123.199952477));
#652=CARTESIAN_POINT('',(568.026373108,440.728725483,120.310384745));
#653=CARTESIAN_POINT('',(568.014339472,440.24999559,117.416546627));
#654=CARTESIAN_POINT('',(568.00794374,439.891241202,114.518221052));
#655=CARTESIAN_POINT('',(568.001548008,439.532486813,111.619895478));
#656=CARTESIAN_POINT('',(568.000766992,439.293476353,108.717091123));
#657=CARTESIAN_POINT('',(568.000385637,439.196375967,105.808986963));
#658=CARTESIAN_POINT('',(568.000194959,439.147825774,104.354934883));
#659=CARTESIAN_POINT('',(568.000174599,439.135015822,102.89954795));
#660=CARTESIAN_POINT('',(568.000264899,439.162756866,101.442646594));
#661=CARTESIAN_POINT('',(568.000355198,439.190497911,99.985745239));
#662=CARTESIAN_POINT('',(568.000535949,439.258743625,98.527331217));
#663=CARTESIAN_POINT('',(568.001401017,439.374299046,97.067149647));
#664=CARTESIAN_POINT('',(568.002266086,439.489854467,95.606968076));
#665=CARTESIAN_POINT('',(568.00377646,439.652637545,94.145022071));
#666=CARTESIAN_POINT('',(568.007611149,439.872385793,92.680945846));
#667=CARTESIAN_POINT('',(568.009528493,439.982259917,91.948907733));
#668=CARTESIAN_POINT('',(568.012055872,440.106755622,91.214714372));
#669=CARTESIAN_POINT('',(568.015533935,440.246255256,90.484492194));
#670=CARTESIAN_POINT('',(568.019011998,440.38575489,89.754270017));
#671=CARTESIAN_POINT('',(568.023434244,440.54010629,89.028395238));
#672=CARTESIAN_POINT('',(568.029265073,440.710453392,88.307208597));
#673=CARTESIAN_POINT('',(568.040926729,441.051147597,86.864835315));
#674=CARTESIAN_POINT('',(568.058022702,441.455578441,85.441139758));
#675=CARTESIAN_POINT('',(568.086236253,441.935334495,84.039588487));
#676=CARTESIAN_POINT('',(568.100343028,442.175212523,83.338812852));
#677=CARTESIAN_POINT('',(568.117273926,442.433975426,82.643589592));
#678=CARTESIAN_POINT('',(568.13809141,442.713498595,81.954481849));
#679=CARTESIAN_POINT('',(568.158908895,442.993021763,81.265374106));
#680=CARTESIAN_POINT('',(568.18365902,443.29360728,80.582122628));
#681=CARTESIAN_POINT('',(568.213253125,443.61300722,79.913662335));
#682=CARTESIAN_POINT('',(568.272441336,444.251807101,78.576741749));
#683=CARTESIAN_POINT('',(568.350891898,444.968680188,77.290868212));
#684=CARTESIAN_POINT('',(568.460863819,445.773033767,76.06305607));
#685=CARTESIAN_POINT('',(568.570835739,446.577387347,74.835243929));
#686=CARTESIAN_POINT('',(568.712083704,447.468989135,73.665324973));
#687=CARTESIAN_POINT('',(568.903436013,448.461892233,72.563822369));
#688=CARTESIAN_POINT('',(568.95127409,448.710118008,72.288446718));
#689=CARTESIAN_POINT('',(569.002128354,448.963830554,72.018393427));
#690=CARTESIAN_POINT('',(569.055960744,449.221595827,71.75528812));
#691=CARTESIAN_POINT('',(569.109793133,449.479361101,71.492182814));
#692=CARTESIAN_POINT('',(569.166684588,449.741605134,71.235538642));
#693=CARTESIAN_POINT('',(569.226884325,450.008323549,70.985429019));
#694=CARTESIAN_POINT('',(569.3472838,450.541760381,70.485209771));
#695=CARTESIAN_POINT('',(569.480887168,451.093053102,70.011068391));
#696=CARTESIAN_POINT('',(569.629903264,451.662296071,69.563818873));
#697=CARTESIAN_POINT('',(569.778919361,452.23153904,69.116569356));
#698=CARTESIAN_POINT('',(569.943335877,452.818718638,68.696191103));
#699=CARTESIAN_POINT('',(570.125778877,453.424248746,68.304021962));
#700=CARTESIAN_POINT('',(570.308221878,454.029778855,67.911852822));
#701=CARTESIAN_POINT('',(570.509880864,454.656749349,67.546626057));
#702=CARTESIAN_POINT('',(570.727235285,455.287593936,67.218937331));
#703=CARTESIAN_POINT('',(571.161944128,456.549283111,66.56355988));
#704=CARTESIAN_POINT('',(571.662008179,457.837163065,66.048676957));
#705=CARTESIAN_POINT('',(572.238676027,459.146990551,65.675089889));
#706=CARTESIAN_POINT('',(572.382842989,459.474447422,65.581693123));
#707=CARTESIAN_POINT('',(572.531817568,459.803296654,65.497203939));
#708=CARTESIAN_POINT('',(572.685826231,460.133519717,65.421817207));
#709=CARTESIAN_POINT('',(572.839834893,460.46374278,65.346430475));
#710=CARTESIAN_POINT('',(572.999202918,460.795996825,65.28003204));
#711=CARTESIAN_POINT('',(573.163140011,461.12817178,65.223255019));
#712=CARTESIAN_POINT('',(573.491014196,461.79252169,65.109700979));
#713=CARTESIAN_POINT('',(573.833107219,462.448495319,65.0357557));
#714=CARTESIAN_POINT('',(574.18932324,463.096153258,65.));
#715=B_SPLINE_CURVE_WITH_KNOTS('',3,(#651,#652,#653,#654,#655,#656,#657,#658,#659,#660,#661,#662,#663,#664,#665,#666,#667,#668,#669,#670,#671,#672,#673,#674,#675,#676,
#677,#678,#679,#680,#681,#682,#683,#684,#685,#686,#687,#688,#689,#690,#691,#692,#693,#694,#695,#696,#697,#698,#699,#700,#701,
#702,#703,#704,#705,#706,#707,#708,#709,#710,#711,#712,#713,#714),.UNSPECIFIED.,.F.,.F.,(4,3,3,3,3,3,3,3,3,3,3,3,3,3,3,3,3,3,3,3,3,4),(0.,0.008729101,0.017458201,0.021822751,0.026187302,0.030551852,0.032734127,0.034916402,0.039280952,0.041463228,0.043645503,0.048010053,0.052374603,0.053465741,0.054556878,0.056739154,0.058921429,0.061103704,0.065468254,0.066559392,0.067650529,0.069832804),.UNSPECIFIED.);
#716=EDGE_CURVE('',#638,#650,#715,.T.);
#717=ORIENTED_EDGE('',*,*,#716,.T.);
#718=CARTESIAN_POINT('',(575.226780765,464.893082402,65.));
#719=VERTEX_POINT('',#718);
#720=CARTESIAN_POINT('',(618.,439.,65.));
#721=DIRECTION('',(-0.,-0.,-1.));
#722=DIRECTION('',(1.,0.,-0.));
#723=AXIS2_PLACEMENT_3D('',#720,#721,#722);
#724=CIRCLE('',#723,50.);
#725=EDGE_CURVE('',#650,#719,#724,.T.);
#726=ORIENTED_EDGE('',*,*,#725,.T.);
#727=CARTESIAN_POINT('',(591.016670706,481.093941847,123.199952477));
#728=VERTEX_POINT('',#727);
#729=CARTESIAN_POINT('',(575.226780765,464.893082402,65.));
#730=CARTESIAN_POINT('',(575.607572651,465.522118936,65.035569915));
#731=CARTESIAN_POINT('',(576.002336451,466.142928733,65.10892256));
#732=CARTESIAN_POINT('',(576.41113368,466.7554715,65.221360086));
#733=CARTESIAN_POINT('',(576.615532294,467.061742883,65.277578849));
#734=CARTESIAN_POINT('',(576.823064077,467.365331579,65.343551411));
#735=CARTESIAN_POINT('',(577.031409641,467.663122718,65.418454136));
#736=CARTESIAN_POINT('',(577.239755204,467.960913857,65.49335686));
#737=CARTESIAN_POINT('',(577.449526464,468.253832439,65.577350397));
#738=CARTESIAN_POINT('',(577.660595971,468.542046012,65.670267907));
#739=CARTESIAN_POINT('',(578.504873997,469.694900303,66.041937948));
#740=CARTESIAN_POINT('',(579.370059881,470.772891148,66.555134912));
#741=CARTESIAN_POINT('',(580.246994338,471.782778459,67.210593677));
#742=CARTESIAN_POINT('',(580.466227953,472.035250287,67.374458368));
#743=CARTESIAN_POINT('',(580.68584551,472.283019182,67.547093123));
#744=CARTESIAN_POINT('',(580.903613568,472.523993105,67.726711393));
#745=CARTESIAN_POINT('',(581.121381627,472.764967028,67.906329664));
#746=CARTESIAN_POINT('',(581.337883063,472.999822232,68.093363376));
#747=CARTESIAN_POINT('',(581.552990423,473.22886929,68.287625664));
#748=CARTESIAN_POINT('',(581.983205142,473.686963408,68.676150239));
#749=CARTESIAN_POINT('',(582.407836683,474.121840936,69.093579798));
#750=CARTESIAN_POINT('',(582.825782391,474.535537362,69.538953845));
#751=CARTESIAN_POINT('',(583.243728099,474.949233788,69.984327893));
#752=CARTESIAN_POINT('',(583.654976738,475.341727183,70.457679624));
#753=CARTESIAN_POINT('',(584.05834324,475.714628371,70.958557773));
#754=CARTESIAN_POINT('',(584.260026491,475.901078965,71.208996848));
#755=CARTESIAN_POINT('',(584.45995,476.082803373,71.466652348));
#756=CARTESIAN_POINT('',(584.656054299,476.258304914,71.728831795));
#757=CARTESIAN_POINT('',(584.852158597,476.433806455,71.991011242));
#758=CARTESIAN_POINT('',(585.044865182,476.603482637,72.258221056));
#759=CARTESIAN_POINT('',(585.234167968,476.767714404,72.530271868));
#760=CARTESIAN_POINT('',(585.991379114,477.42464147,73.618475116));
#761=CARTESIAN_POINT('',(586.69408389,477.995007143,74.783883797));
#762=CARTESIAN_POINT('',(587.341142474,478.49727149,76.017837917));
#763=CARTESIAN_POINT('',(587.502907119,478.622837577,76.326326447));
#764=CARTESIAN_POINT('',(587.661189518,478.744109936,76.639120688));
#765=CARTESIAN_POINT('',(587.815974609,478.861317229,76.956113946));
#766=CARTESIAN_POINT('',(587.970759701,478.978524521,77.273107203));
#767=CARTESIAN_POINT('',(588.121863063,479.091522764,77.593973676));
#768=CARTESIAN_POINT('',(588.26845635,479.199941694,77.91660695));
#769=CARTESIAN_POINT('',(588.561642925,479.416779554,78.561873496));
#770=CARTESIAN_POINT('',(588.837872079,479.616155067,79.216400217));
#771=CARTESIAN_POINT('',(589.098174793,479.800545336,79.879313609));
#772=CARTESIAN_POINT('',(589.618780221,480.169325874,81.205140392));
#773=CARTESIAN_POINT('',(590.075757954,480.478504787,82.564414419));
#774=CARTESIAN_POINT('',(590.475834119,480.742308184,83.951861318));
#775=CARTESIAN_POINT('',(590.875910283,481.006111581,85.339308218));
#776=CARTESIAN_POINT('',(591.21904674,481.224386656,86.754973723));
#777=CARTESIAN_POINT('',(591.510728569,481.406585563,88.195028089));
#778=CARTESIAN_POINT('',(591.656569484,481.497685016,88.915055272));
#779=CARTESIAN_POINT('',(591.789184787,481.57948794,89.63977976));
#780=CARTESIAN_POINT('',(591.908695536,481.652594662,90.363902966));
#781=CARTESIAN_POINT('',(592.028206286,481.725701383,91.088026173));
#782=CARTESIAN_POINT('',(592.134921109,481.790302277,91.813042173));
#783=CARTESIAN_POINT('',(592.229864351,481.847404923,92.538869666));
#784=CARTESIAN_POINT('',(592.419750833,481.961610215,93.990524651));
#785=CARTESIAN_POINT('',(592.562661906,482.04597508,95.445415492));
#786=CARTESIAN_POINT('',(592.665178024,482.106226875,96.903042332));
#787=CARTESIAN_POINT('',(592.870210259,482.226730466,99.818296012));
#788=CARTESIAN_POINT('',(592.914721781,482.252024088,102.744403594));
#789=CARTESIAN_POINT('',(592.833795607,482.204885794,105.678933606));
#790=CARTESIAN_POINT('',(592.793332521,482.181316647,107.146198612));
#791=CARTESIAN_POINT('',(592.721129583,482.139221131,108.616698899));
#792=CARTESIAN_POINT('',(592.620318341,482.07983007,110.086760612));
#793=CARTESIAN_POINT('',(592.519507099,482.020439009,111.556822325));
#794=CARTESIAN_POINT('',(592.390431007,481.943946212,113.022210527));
#795=CARTESIAN_POINT('',(592.235833897,481.850994679,114.483303578));
#796=CARTESIAN_POINT('',(591.926639678,481.665091615,117.405489682));
#797=CARTESIAN_POINT('',(591.516024668,481.414040934,120.310626037));
#798=CARTESIAN_POINT('',(591.016670706,481.093941847,123.199952477));
#799=B_SPLINE_CURVE_WITH_KNOTS('',3,(#729,#730,#731,#732,#733,#734,#735,#736,#737,#738,#739,#740,#741,#742,#743,#744,#745,#746,#747,#748,#749,#750,#751,#752,#753,#754,
#755,#756,#757,#758,#759,#760,#761,#762,#763,#764,#765,#766,#767,#768,#769,#770,#771,#772,#773,#774,#775,#776,#777,#778,#779,
#780,#781,#782,#783,#784,#785,#786,#787,#788,#789,#790,#791,#792,#793,#794,#795,#796,#797,#798),.UNSPECIFIED.,.F.,.F.,(4,3,3,3,3,3,3,3,3,3,3,3,3,3,3,3,3,3,3,3,3,3,3,4),(0.071875593,0.074047303,0.075133158,0.076219013,0.080562434,0.081648289,0.082734144,0.084905854,0.087077564,0.088163419,0.089249274,0.093592695,0.09467855,0.095764405,0.097936115,0.102279536,0.106622956,0.108794666,0.110966376,0.115309797,0.123996637,0.128340058,0.132683478,0.141370319),.UNSPECIFIED.);
#800=EDGE_CURVE('',#719,#728,#799,.T.);
#801=ORIENTED_EDGE('',*,*,#800,.T.);
#802=CARTESIAN_POINT('',(588.559388111,479.413492445,134.632223909));
#803=VERTEX_POINT('',#802);
#804=CARTESIAN_POINT('',(591.016670706,481.093941847,123.199952477));
#805=CARTESIAN_POINT('',(590.682876254,480.879970781,125.13133024));
#806=CARTESIAN_POINT('',(590.310193788,480.635562514,127.049875294));
#807=CARTESIAN_POINT('',(589.90041654,480.357144599,128.95544796));
#808=CARTESIAN_POINT('',(589.490639292,480.078726683,130.861020627));
#809=CARTESIAN_POINT('',(589.043791516,479.766372925,132.753636968));
#810=CARTESIAN_POINT('',(588.559388111,479.413492445,134.632223909));
#811=B_SPLINE_CURVE_WITH_KNOTS('',3,(#804,#805,#806,#807,#808,#809,#810),.UNSPECIFIED.,.F.,.F.,(4,3,4),(0.,0.005906754,0.011813508),.UNSPECIFIED.);
#812=EDGE_CURVE('',#728,#803,#811,.T.);
#813=ORIENTED_EDGE('',*,*,#812,.T.);
#814=CARTESIAN_POINT('',(647.440611889,479.413492445,134.632223909));
#815=VERTEX_POINT('',#814);
#816=CARTESIAN_POINT('',(618.,439.,134.632223909));
#817=DIRECTION('',(0.,0.,1.));
#818=DIRECTION('',(1.,0.,-0.));
#819=AXIS2_PLACEMENT_3D('',#816,#817,#818);
#820=CIRCLE('',#819,50.);
#821=EDGE_CURVE('',#815,#803,#820,.T.);
#822=ORIENTED_EDGE('',*,*,#821,.F.);
#823=CARTESIAN_POINT('',(644.983329294,481.093941847,123.199952477));
#824=VERTEX_POINT('',#823);
#825=CARTESIAN_POINT('',(647.440611889,479.413492445,134.632223909));
#826=CARTESIAN_POINT('',(646.956208484,479.766372925,132.753636968));
#827=CARTESIAN_POINT('',(646.509360708,480.078726683,130.861020627));
#828=CARTESIAN_POINT('',(646.09958346,480.357144599,128.95544796));
#829=CARTESIAN_POINT('',(645.689806212,480.635562514,127.049875294));
#830=CARTESIAN_POINT('',(645.317123746,480.879970781,125.13133024));
#831=CARTESIAN_POINT('',(644.983329294,481.093941847,123.199952477));
#832=B_SPLINE_CURVE_WITH_KNOTS('',3,(#825,#826,#827,#828,#829,#830,#831),.UNSPECIFIED.,.F.,.F.,(4,3,4),(0.,0.005906754,0.011813508),.UNSPECIFIED.);
#833=EDGE_CURVE('',#815,#824,#832,.T.);
#834=ORIENTED_EDGE('',*,*,#833,.T.);
#835=CARTESIAN_POINT('',(660.773219235,464.893082402,65.));
#836=VERTEX_POINT('',#835);
#837=CARTESIAN_POINT('',(644.983329294,481.093941847,123.199952477));
#838=CARTESIAN_POINT('',(644.483933631,481.414067666,120.310384745));
#839=CARTESIAN_POINT('',(644.0753582,481.663854047,117.416546627));
#840=CARTESIAN_POINT('',(643.767865652,481.848770108,114.518221052));
#841=CARTESIAN_POINT('',(643.460373104,482.033686168,111.619895478));
#842=CARTESIAN_POINT('',(643.253774481,482.153867778,108.717091123));
#843=CARTESIAN_POINT('',(643.169873758,482.202748234,105.808986963));
#844=CARTESIAN_POINT('',(643.127923396,482.227188463,104.354934883));
#845=CARTESIAN_POINT('',(643.116839832,482.233611071,102.89954795));
#846=CARTESIAN_POINT('',(643.140819131,482.219662347,101.442646594));
#847=CARTESIAN_POINT('',(643.164798431,482.205713623,99.985745239));
#848=CARTESIAN_POINT('',(643.223810577,482.171434231,98.527331217));
#849=CARTESIAN_POINT('',(643.323451974,482.11290735,97.067149647));
#850=CARTESIAN_POINT('',(643.42309337,482.054380468,95.606968076));
#851=CARTESIAN_POINT('',(643.563312464,481.971680906,94.145022071));
#852=CARTESIAN_POINT('',(643.751702684,481.858485844,92.680945846));
#853=CARTESIAN_POINT('',(643.845897795,481.801888313,91.948907733));
#854=CARTESIAN_POINT('',(643.952450548,481.737451687,91.214714372));
#855=CARTESIAN_POINT('',(644.071521744,481.664689779,90.484492194));
#856=CARTESIAN_POINT('',(644.190592939,481.591927871,89.754270017));
#857=CARTESIAN_POINT('',(644.322054049,481.510922394,89.028395238));
#858=CARTESIAN_POINT('',(644.466663553,481.420699197,88.307208597));
#859=CARTESIAN_POINT('',(644.755882562,481.240252803,86.864835315));
#860=CARTESIAN_POINT('',(645.09758196,481.023231834,85.441139758));
#861=CARTESIAN_POINT('',(645.498956115,480.758920156,84.039588487));
#862=CARTESIAN_POINT('',(645.699643193,480.626764316,83.338812852));
#863=CARTESIAN_POINT('',(645.915272992,480.482720277,82.643589592));
#864=CARTESIAN_POINT('',(646.146938415,480.324930222,81.954481849));
#865=CARTESIAN_POINT('',(646.378603837,480.167140167,81.265374106));
#866=CARTESIAN_POINT('',(646.626543468,479.995413173,80.582122628));
#867=CARTESIAN_POINT('',(646.888354878,479.810083955,79.913662335));
#868=CARTESIAN_POINT('',(647.411977697,479.439425521,78.576741749));
#869=CARTESIAN_POINT('',(647.993582721,479.013048797,77.290868212));
#870=CARTESIAN_POINT('',(648.635187394,478.515633531,76.06305607));
#871=CARTESIAN_POINT('',(649.276792067,478.018218265,74.835243929));
#872=CARTESIAN_POINT('',(649.978317883,477.450093045,73.665324973));
#873=CARTESIAN_POINT('',(650.742521036,476.787925535,72.563822369));
#874=CARTESIAN_POINT('',(650.933571824,476.622383657,72.288446718));
#875=CARTESIAN_POINT('',(651.127866202,476.4514863,72.018393427));
#876=CARTESIAN_POINT('',(651.324181282,476.275983446,71.75528812));
#877=CARTESIAN_POINT('',(651.520496363,476.100480593,71.492182814));
#878=CARTESIAN_POINT('',(651.719160629,475.920089131,71.235538642));
#879=CARTESIAN_POINT('',(651.920045684,475.734595421,70.985429019));
#880=CARTESIAN_POINT('',(652.321815794,475.363608002,70.485209771));
#881=CARTESIAN_POINT('',(652.732447611,474.972257731,70.011068391));
#882=CARTESIAN_POINT('',(653.150918435,474.558584521,69.563818873));
#883=CARTESIAN_POINT('',(653.569389259,474.144911311,69.116569356));
#884=CARTESIAN_POINT('',(653.99569345,473.708932633,68.696191103));
#885=CARTESIAN_POINT('',(654.428876406,473.248167305,68.304021962));
#886=CARTESIAN_POINT('',(654.862059363,472.787401978,67.911852822));
#887=CARTESIAN_POINT('',(655.304202245,472.299274926,67.546626057));
#888=CARTESIAN_POINT('',(655.741852473,471.795618182,67.218937331));
#889=CARTESIAN_POINT('',(656.617152929,470.788304694,66.56355988));
#890=CARTESIAN_POINT('',(657.48245766,469.711296545,66.048676957));
#891=CARTESIAN_POINT('',(658.328467613,468.556973796,65.675089889));
#892=CARTESIAN_POINT('',(658.539970102,468.268393109,65.581693123));
#893=CARTESIAN_POINT('',(658.7502746,467.974952723,65.497203939));
#894=CARTESIAN_POINT('',(658.959251831,467.676465777,65.421817207));
#895=CARTESIAN_POINT('',(659.168229061,467.377978831,65.346430475));
#896=CARTESIAN_POINT('',(659.376285492,467.073835051,65.28003204));
#897=CARTESIAN_POINT('',(659.581988895,466.765773887,65.223255019));
#898=CARTESIAN_POINT('',(659.993395702,466.149651558,65.109700979));
#899=CARTESIAN_POINT('',(660.390439017,465.525403495,65.0357557));
#900=CARTESIAN_POINT('',(660.773219235,464.893082402,65.));
#901=B_SPLINE_CURVE_WITH_KNOTS('',3,(#837,#838,#839,#840,#841,#842,#843,#844,#845,#846,#847,#848,#849,#850,#851,#852,#853,#854,#855,#856,#857,#858,#859,#860,#861,#862,
#863,#864,#865,#866,#867,#868,#869,#870,#871,#872,#873,#874,#875,#876,#877,#878,#879,#880,#881,#882,#883,#884,#885,#886,#887,
#888,#889,#890,#891,#892,#893,#894,#895,#896,#897,#898,#899,#900),.UNSPECIFIED.,.F.,.F.,(4,3,3,3,3,3,3,3,3,3,3,3,3,3,3,3,3,3,3,3,3,4),(0.,0.008729101,0.017458201,0.021822751,0.026187302,0.030551852,0.032734127,0.034916402,0.039280952,0.041463228,0.043645503,0.048010053,0.052374603,0.053465741,0.054556878,0.056739154,0.058921429,0.061103704,0.065468254,0.066559392,0.067650529,0.069832804),.UNSPECIFIED.);
#902=EDGE_CURVE('',#824,#836,#901,.T.);
#903=ORIENTED_EDGE('',*,*,#902,.T.);
#904=CARTESIAN_POINT('',(661.81067676,463.096153258,65.));
#905=VERTEX_POINT('',#904);
#906=CARTESIAN_POINT('',(618.,439.,65.));
#907=DIRECTION('',(-0.,-0.,-1.));
#908=DIRECTION('',(1.,0.,-0.));
#909=AXIS2_PLACEMENT_3D('',#906,#907,#908);
#910=CIRCLE('',#909,50.);
#911=EDGE_CURVE('',#836,#905,#910,.T.);
#912=ORIENTED_EDGE('',*,*,#911,.T.);
#913=CARTESIAN_POINT('',(667.946087632,441.321277723,123.199952477));
#914=VERTEX_POINT('',#913);
#915=CARTESIAN_POINT('',(661.81067676,463.096153258,65.));
#916=CARTESIAN_POINT('',(662.165042435,462.451859545,65.035569915));
#917=CARTESIAN_POINT('',(662.505297591,461.799579167,65.10892256));
#918=CARTESIAN_POINT('',(662.831376573,461.139278998,65.221360086));
#919=CARTESIAN_POINT('',(662.994416064,460.809128914,65.277578849));
#920=CARTESIAN_POINT('',(663.153565696,460.47760677,65.343551411));
#921=CARTESIAN_POINT('',(663.307287605,460.148278649,65.418454136));
#922=CARTESIAN_POINT('',(663.461009515,459.818950529,65.49335686));
#923=CARTESIAN_POINT('',(663.609798818,459.490823998,65.577350397));
#924=CARTESIAN_POINT('',(663.753864341,459.163925657,65.670267907));
#925=CARTESIAN_POINT('',(664.33012643,457.856332293,66.041937948));
#926=CARTESIAN_POINT('',(664.831100946,456.568063916,66.555134912));
#927=CARTESIAN_POINT('',(665.267221783,455.303672742,67.210593677));
#928=CARTESIAN_POINT('',(665.376251993,454.987574949,67.374458368));
#929=CARTESIAN_POINT('',(665.481017372,454.673496118,67.547093123));
#930=CARTESIAN_POINT('',(665.580822881,454.364416486,67.726711393));
#931=CARTESIAN_POINT('',(665.680628391,454.055336854,67.906329664));
#932=CARTESIAN_POINT('',(665.775768245,453.750413508,68.093363376));
#933=CARTESIAN_POINT('',(665.866575137,453.449601541,68.287625664));
#934=CARTESIAN_POINT('',(666.04818892,452.847977606,68.676150239));
#935=CARTESIAN_POINT('',(666.212488137,452.26279714,69.093579798));
#936=CARTESIAN_POINT('',(666.361786897,451.693997327,69.538953845));
#937=CARTESIAN_POINT('',(666.511085657,451.125197513,69.984327893));
#938=CARTESIAN_POINT('',(666.645370589,450.572799047,70.457679624));
#939=CARTESIAN_POINT('',(666.766629239,450.037022815,70.958557773));
#940=CARTESIAN_POINT('',(666.827258565,449.769134699,71.208996848));
#941=CARTESIAN_POINT('',(666.884674764,449.505133657,71.466652348));
#942=CARTESIAN_POINT('',(666.938611408,449.247551583,71.728831795));
#943=CARTESIAN_POINT('',(666.992548052,448.989969508,71.991011242));
#944=CARTESIAN_POINT('',(667.043138643,448.738242619,72.258221056));
#945=CARTESIAN_POINT('',(667.090716132,448.492185714,72.530271868));
#946=CARTESIAN_POINT('',(667.281026087,447.507958092,73.618475116));
#947=CARTESIAN_POINT('',(667.423624862,446.614215069,74.783883797));
#948=CARTESIAN_POINT('',(667.535069254,445.802713724,76.017837917));
#949=CARTESIAN_POINT('',(667.562930352,445.599838388,76.326326447));
#950=CARTESIAN_POINT('',(667.588814097,445.40212563,76.639120688));
#951=CARTESIAN_POINT('',(667.612926044,445.209474163,76.956113946));
#952=CARTESIAN_POINT('',(667.637037991,445.016822695,77.273107203));
#953=CARTESIAN_POINT('',(667.659345659,444.829464223,77.593973676));
#954=CARTESIAN_POINT('',(667.679942563,444.648301247,77.91660695));
#955=CARTESIAN_POINT('',(667.72113637,444.285975296,78.561873496));
#956=CARTESIAN_POINT('',(667.755686052,443.947066074,79.216400217));
#957=CARTESIAN_POINT('',(667.785221353,443.629442177,79.879313609));
#958=CARTESIAN_POINT('',(667.844291953,442.994194382,81.205140392));
#959=CARTESIAN_POINT('',(667.88355988,442.443850599,82.564414419));
#960=CARTESIAN_POINT('',(667.911982241,441.965472779,83.951861318));
#961=CARTESIAN_POINT('',(667.940404602,441.487094959,85.339308218));
#962=CARTESIAN_POINT('',(667.957868133,441.080792533,86.754973723));
#963=CARTESIAN_POINT('',(667.9698161,440.737089205,88.195028089));
#964=CARTESIAN_POINT('',(667.975790084,440.565237542,88.915055272));
#965=CARTESIAN_POINT('',(667.980325843,440.409487858,89.63977976));
#966=CARTESIAN_POINT('',(667.983882746,440.269435153,90.363902966));
#967=CARTESIAN_POINT('',(667.987439649,440.129382447,91.088026173));
#968=CARTESIAN_POINT('',(667.990028252,440.004664252,91.813042173));
#969=CARTESIAN_POINT('',(667.992008974,439.89388967,92.538869666));
#970=CARTESIAN_POINT('',(667.995970417,439.672340506,93.990524651));
#971=CARTESIAN_POINT('',(667.997576997,439.506393454,95.445415492));
#972=CARTESIAN_POINT('',(667.998498523,439.387485994,96.903042332));
#973=CARTESIAN_POINT('',(668.000341576,439.149671074,99.818296012));
#974=CARTESIAN_POINT('',(667.999990735,439.098476154,102.744403594));
#975=CARTESIAN_POINT('',(667.999630861,439.192129424,105.678933606));
#976=CARTESIAN_POINT('',(667.999450925,439.238956059,107.146198612));
#977=CARTESIAN_POINT('',(667.999096608,439.322533394,108.616698899));
#978=CARTESIAN_POINT('',(667.998068061,439.439534022,110.086760612));
#979=CARTESIAN_POINT('',(667.997039514,439.556534649,111.556822325));
#980=CARTESIAN_POINT('',(667.995332855,439.706564222,113.022210527));
#981=CARTESIAN_POINT('',(667.992133021,439.886925013,114.483303578));
#982=CARTESIAN_POINT('',(667.985733355,440.247646594,117.405489682));
#983=CARTESIAN_POINT('',(667.973624593,440.728774964,120.310626037));
#984=CARTESIAN_POINT('',(667.946087632,441.321277723,123.199952477));
#985=B_SPLINE_CURVE_WITH_KNOTS('',3,(#915,#916,#917,#918,#919,#920,#921,#922,#923,#924,#925,#926,#927,#928,#929,#930,#931,#932,#933,#934,#935,#936,#937,#938,#939,#940,
#941,#942,#943,#944,#945,#946,#947,#948,#949,#950,#951,#952,#953,#954,#955,#956,#957,#958,#959,#960,#961,#962,#963,#964,#965,
#966,#967,#968,#969,#970,#971,#972,#973,#974,#975,#976,#977,#978,#979,#980,#981,#982,#983,#984),.UNSPECIFIED.,.F.,.F.,(4,3,3,3,3,3,3,3,3,3,3,3,3,3,3,3,3,3,3,3,3,3,3,4),(0.071875593,0.074047303,0.075133158,0.076219013,0.080562434,0.081648289,0.082734144,0.084905854,0.087077564,0.088163419,0.089249274,0.093592695,0.09467855,0.095764405,0.097936115,0.102279536,0.106622956,0.108794666,0.110966376,0.115309797,0.123996637,0.128340058,0.132683478,0.141370319),.UNSPECIFIED.);
#986=EDGE_CURVE('',#905,#914,#985,.T.);
#987=ORIENTED_EDGE('',*,*,#986,.T.);
#988=CARTESIAN_POINT('',(667.719417058,444.289571576,134.632223909));
#989=VERTEX_POINT('',#988);
#990=CARTESIAN_POINT('',(667.946087632,441.321277723,123.199952477));
#991=CARTESIAN_POINT('',(667.927680479,441.717337732,125.13133024));
#992=CARTESIAN_POINT('',(667.902357944,442.162294348,127.049875294));
#993=CARTESIAN_POINT('',(667.866129581,442.656380813,128.95544796));
#994=CARTESIAN_POINT('',(667.829901217,443.150467277,130.861020627));
#995=CARTESIAN_POINT('',(667.782818816,443.693625682,132.753636968));
#996=CARTESIAN_POINT('',(667.719417058,444.289571576,134.632223909));
#997=B_SPLINE_CURVE_WITH_KNOTS('',3,(#990,#991,#992,#993,#994,#995,#996),.UNSPECIFIED.,.F.,.F.,(4,3,4),(0.,0.005906754,0.011813508),.UNSPECIFIED.);
#998=EDGE_CURVE('',#914,#989,#997,.T.);
#999=ORIENTED_EDGE('',*,*,#998,.T.);
#1000=CARTESIAN_POINT('',(638.278805169,393.296935979,134.632223909));
#1001=VERTEX_POINT('',#1000);
#1002=CARTESIAN_POINT('',(618.,439.,134.632223909));
#1003=DIRECTION('',(0.,0.,1.));
#1004=DIRECTION('',(1.,0.,-0.));
#1005=AXIS2_PLACEMENT_3D('',#1002,#1003,#1004);
#1006=CIRCLE('',#1005,50.);
#1007=EDGE_CURVE('',#1001,#989,#1006,.T.);
#1008=ORIENTED_EDGE('',*,*,#1007,.F.);
#1009=CARTESIAN_POINT('',(640.962758338,394.584780429,123.199952477));
#1010=VERTEX_POINT('',#1009);
#1011=CARTESIAN_POINT('',(638.278805169,393.296935979,134.632223909));
#1012=CARTESIAN_POINT('',(638.826610331,393.540001392,132.753636968));
#1013=CARTESIAN_POINT('',(639.320540509,393.770806039,130.861020627));
#1014=CARTESIAN_POINT('',(639.766546121,393.986474588,128.95544796));
#1015=CARTESIAN_POINT('',(640.212551733,394.202143138,127.049875294));
#1016=CARTESIAN_POINT('',(640.610556733,394.402691487,125.13133024));
#1017=CARTESIAN_POINT('',(640.962758338,394.584780429,123.199952477));
#1018=B_SPLINE_CURVE_WITH_KNOTS('',3,(#1011,#1012,#1013,#1014,#1015,#1016,#1017),.UNSPECIFIED.,.F.,.F.,(4,3,4),(0.,0.005906754,0.011813508),.UNSPECIFIED.);
#1019=EDGE_CURVE('',#1001,#1010,#1018,.T.);
#1020=ORIENTED_EDGE('',*,*,#1019,.T.);
#1021=CARTESIAN_POINT('',(619.037457525,389.01076434,65.));
#1022=VERTEX_POINT('',#1021);
#1023=CARTESIAN_POINT('',(640.962758338,394.584780429,123.199952477));
#1024=CARTESIAN_POINT('',(641.489693262,394.85720685,120.310384745));
#1025=CARTESIAN_POINT('',(641.910302328,395.086150362,117.416546627));
#1026=CARTESIAN_POINT('',(642.224190608,395.25998869,114.518221052));
#1027=CARTESIAN_POINT('',(642.538078888,395.433827018,111.619895478));
#1028=CARTESIAN_POINT('',(642.745458527,395.552655869,108.717091123));
#1029=CARTESIAN_POINT('',(642.829740605,395.600875798,105.808986963));
#1030=CARTESIAN_POINT('',(642.871881645,395.624985763,104.354934883));
#1031=CARTESIAN_POINT('',(642.882985569,395.631373107,102.89954795));
#1032=CARTESIAN_POINT('',(642.85891597,395.617580787,101.442646594));
#1033=CARTESIAN_POINT('',(642.834846371,395.603788466,99.985745239));
#1034=CARTESIAN_POINT('',(642.775653473,395.569822144,98.527331217));
#1035=CARTESIAN_POINT('',(642.675147009,395.512793604,97.067149647));
#1036=CARTESIAN_POINT('',(642.574640544,395.455765065,95.606968076));
#1037=CARTESIAN_POINT('',(642.432911076,395.375681549,94.145022071));
#1038=CARTESIAN_POINT('',(642.240686167,395.269128363,92.680945846));
#1039=CARTESIAN_POINT('',(642.144573712,395.21585177,91.948907733));
#1040=CARTESIAN_POINT('',(642.03549358,395.155792691,91.214714372));
#1041=CARTESIAN_POINT('',(641.912944322,395.089054965,90.484492194));
#1042=CARTESIAN_POINT('',(641.790395063,395.022317239,89.754270017));
#1043=CARTESIAN_POINT('',(641.654511707,394.948971317,89.028395238));
#1044=CARTESIAN_POINT('',(641.504071374,394.868847411,88.307208597));
#1045=CARTESIAN_POINT('',(641.203190709,394.708599599,86.864835315));
#1046=CARTESIAN_POINT('',(640.844395338,394.521189725,85.441139758));
#1047=CARTESIAN_POINT('',(640.414807632,394.305745349,84.039588487));
#1048=CARTESIAN_POINT('',(640.200013779,394.198023161,83.338812852));
#1049=CARTESIAN_POINT('',(639.967453082,394.083304297,82.643589592));
#1050=CARTESIAN_POINT('',(639.714970175,393.961571183,81.954481849));
#1051=CARTESIAN_POINT('',(639.462487267,393.839838069,81.265374106));
#1052=CARTESIAN_POINT('',(639.189797512,393.710979548,80.582122628));
#1053=CARTESIAN_POINT('',(638.898391997,393.576908824,79.913662335));
#1054=CARTESIAN_POINT('',(638.315580967,393.308767378,78.576741749));
#1055=CARTESIAN_POINT('',(637.655525381,393.018271015,77.290868212));
#1056=CARTESIAN_POINT('',(636.903948788,392.711332702,76.06305607));
#1057=CARTESIAN_POINT('',(636.152372194,392.404394389,74.835243929));
#1058=CARTESIAN_POINT('',(635.309598413,392.08091782,73.665324973));
#1059=CARTESIAN_POINT('',(634.354042952,391.750182232,72.563822369));
#1060=CARTESIAN_POINT('',(634.115154086,391.667498335,72.288446718));
#1061=CARTESIAN_POINT('',(633.870005444,391.584683146,72.018393427));
#1062=CARTESIAN_POINT('',(633.619857974,391.502420726,71.75528812));
#1063=CARTESIAN_POINT('',(633.369710505,391.420158306,71.492182814));
#1064=CARTESIAN_POINT('',(633.114154783,391.338305735,71.235538642));
#1065=CARTESIAN_POINT('',(632.853069991,391.257081029,70.985429019));
#1066=CARTESIAN_POINT('',(632.330900406,391.094631617,70.485209771));
#1067=CARTESIAN_POINT('',(631.786665221,390.934689167,70.011068391));
#1068=CARTESIAN_POINT('',(631.2191783,390.779119408,69.563818873));
#1069=CARTESIAN_POINT('',(630.65169138,390.623549649,69.116569356));
#1070=CARTESIAN_POINT('',(630.060970673,390.472348729,68.696191103));
#1071=CARTESIAN_POINT('',(629.445344717,390.327583948,68.304021962));
#1072=CARTESIAN_POINT('',(628.82971876,390.182819167,67.911852822));
#1073=CARTESIAN_POINT('',(628.185916891,390.043975725,67.546626057));
#1074=CARTESIAN_POINT('',(627.530912242,389.916787882,67.218937331));
#1075=CARTESIAN_POINT('',(626.220902944,389.662412195,66.56355988));
#1076=CARTESIAN_POINT('',(624.855534161,389.45154039,66.048676957));
#1077=CARTESIAN_POINT('',(623.43285636,389.296035653,65.675089889));
#1078=CARTESIAN_POINT('',(623.077186909,389.257159469,65.581693123));
#1079=CARTESIAN_POINT('',(622.717907831,389.221750624,65.497203939));
#1080=CARTESIAN_POINT('',(622.354921938,389.190014506,65.421817207));
#1081=CARTESIAN_POINT('',(621.991936045,389.158278389,65.346430475));
#1082=CARTESIAN_POINT('',(621.62451159,389.130168124,65.28003204));
#1083=CARTESIAN_POINT('',(621.254871094,389.106054334,65.223255019));
#1084=CARTESIAN_POINT('',(620.515590102,389.057826752,65.109700979));
#1085=CARTESIAN_POINT('',(619.776453764,389.026101186,65.0357557));
#1086=CARTESIAN_POINT('',(619.037457525,389.01076434,65.));
#1087=B_SPLINE_CURVE_WITH_KNOTS('',3,(#1023,#1024,#1025,#1026,#1027,#1028,#1029,#1030,#1031,#1032,#1033,#1034,#1035,#1036,#1037,#1038,#1039,#1040,#1041,#1042,#1043,#1044,#1045,#1046,#1047,#1048,
#1049,#1050,#1051,#1052,#1053,#1054,#1055,#1056,#1057,#1058,#1059,#1060,#1061,#1062,#1063,#1064,#1065,#1066,#1067,#1068,#1069,#1070,#1071,#1072,#1073,
#1074,#1075,#1076,#1077,#1078,#1079,#1080,#1081,#1082,#1083,#1084,#1085,#1086),.UNSPECIFIED.,.F.,.F.,(4,3,3,3,3,3,3,3,3,3,3,3,3,3,3,3,3,3,3,3,3,4),(0.,0.008729101,0.017458201,0.021822751,0.026187302,0.030551852,0.032734127,0.034916402,0.039280952,0.041463228,0.043645503,0.048010053,0.052374603,0.053465741,0.054556878,0.056739154,0.058921429,0.061103704,0.065468254,0.066559392,0.067650529,0.069832804),.UNSPECIFIED.);
#1088=EDGE_CURVE('',#1010,#1022,#1087,.T.);
#1089=ORIENTED_EDGE('',*,*,#1088,.T.);
#1090=CARTESIAN_POINT('',(618.,439.,65.));
#1091=DIRECTION('',(-0.,-0.,-1.));
#1092=DIRECTION('',(1.,0.,-0.));
#1093=AXIS2_PLACEMENT_3D('',#1090,#1091,#1092);
#1094=CIRCLE('',#1093,50.);
#1095=EDGE_CURVE('',#1022,#444,#1094,.T.);
#1096=ORIENTED_EDGE('',*,*,#1095,.T.);
#1097=EDGE_LOOP('',(#452,#459,#460,#469,#523,#530,#531,#540,#615,#627,#636,#648,#717,#726,#801,#813,#822,#834,#903,#912,#987,#999,#1008,#1020,#1089,#1096));
#1098=FACE_BOUND('',#1097,.T.);
#1099=ADVANCED_FACE('',(#1098),#442,.T.);
#1100=CARTESIAN_POINT('',(618.,439.,52.9622155));
#1101=DIRECTION('',(-0.,0.,1.));
#1102=DIRECTION('',(0.,-1.,0.));
#1103=AXIS2_PLACEMENT_3D('',#1100,#1101,#1102);
#1104=CYLINDRICAL_SURFACE('',#1103,42.);
#1105=CARTESIAN_POINT('',(618.,397.,2.9622155));
#1106=VERTEX_POINT('',#1105);
#1107=CARTESIAN_POINT('',(618.,397.,65.087209421));
#1108=DIRECTION('',(0.,-0.,-1.));
#1109=VECTOR('',#1108,62.124993921);
#1110=LINE('',#1107,#1109);
#1111=EDGE_CURVE('',#282,#1106,#1110,.T.);
#1112=ORIENTED_EDGE('',*,*,#1111,.F.);
#1113=ORIENTED_EDGE('',*,*,#288,.T.);
#1114=CARTESIAN_POINT('',(630.487048456,398.899206761,123.386967373));
#1115=VERTEX_POINT('',#1114);
#1116=CARTESIAN_POINT('',(626.48752244,397.866534758,65.087209421));
#1117=CARTESIAN_POINT('',(627.032679174,397.979022971,65.438853254));
#1118=CARTESIAN_POINT('',(627.561051765,398.099501346,65.82643226));
#1119=CARTESIAN_POINT('',(628.060365515,398.222689572,66.238459538));
#1120=CARTESIAN_POINT('',(628.559679265,398.345877799,66.650486816));
#1121=CARTESIAN_POINT('',(629.03250258,398.472213473,67.08824553));
#1122=CARTESIAN_POINT('',(629.481186829,398.599723404,67.549921426));
#1123=CARTESIAN_POINT('',(629.929871077,398.727233336,68.011597322));
#1124=CARTESIAN_POINT('',(630.354378545,398.855917162,68.497228378));
#1125=CARTESIAN_POINT('',(630.75641083,398.984078385,69.005576169));
#1126=CARTESIAN_POINT('',(630.957426973,399.048158996,69.259750064));
#1127=CARTESIAN_POINT('',(631.153040844,399.112194611,69.519988532));
#1128=CARTESIAN_POINT('',(631.341473386,399.175320618,69.783272148));
#1129=CARTESIAN_POINT('',(631.529905928,399.238446624,70.046555765));
#1130=CARTESIAN_POINT('',(631.711618389,399.300805095,70.31343666));
#1131=CARTESIAN_POINT('',(631.887052687,399.362268384,70.583712883));
#1132=CARTESIAN_POINT('',(632.588789881,399.608121539,71.664817777));
#1133=CARTESIAN_POINT('',(633.190878107,399.839368183,72.799891717));
#1134=CARTESIAN_POINT('',(633.71372441,400.050303401,73.979572205));
#1135=CARTESIAN_POINT('',(633.975147562,400.15577101,74.569412448));
#1136=CARTESIAN_POINT('',(634.216597424,400.256215117,75.170477306));
#1137=CARTESIAN_POINT('',(634.439890675,400.351196725,75.781919926));
#1138=CARTESIAN_POINT('',(634.663183926,400.446178333,76.393362546));
#1139=CARTESIAN_POINT('',(634.868353308,400.535727871,77.015823985));
#1140=CARTESIAN_POINT('',(635.054682906,400.618522814,77.63979281));
#1141=CARTESIAN_POINT('',(635.427342102,400.7841127,78.88773046));
#1142=CARTESIAN_POINT('',(635.728303057,400.924015767,80.149814309));
#1143=CARTESIAN_POINT('',(635.973008527,401.039876653,81.423304403));
#1144=CARTESIAN_POINT('',(636.217713997,401.155737539,82.696794496));
#1145=CARTESIAN_POINT('',(636.405966698,401.247578486,83.981722422));
#1146=CARTESIAN_POINT('',(636.547657902,401.317319809,85.276264768));
#1147=CARTESIAN_POINT('',(636.689349106,401.387061133,86.570807115));
#1148=CARTESIAN_POINT('',(636.784383081,401.434713952,87.874979186));
#1149=CARTESIAN_POINT('',(636.839213676,401.462231978,89.187535922));
#1150=CARTESIAN_POINT('',(636.894044272,401.489750005,90.500092658));
#1151=CARTESIAN_POINT('',(636.908123669,401.496888339,91.807280103));
#1152=CARTESIAN_POINT('',(636.887659096,401.486584615,93.109651063));
#1153=CARTESIAN_POINT('',(636.846729951,401.465977167,95.714392983));
#1154=CARTESIAN_POINT('',(636.669170845,401.375978939,98.300439779));
#1155=CARTESIAN_POINT('',(636.377937738,401.234256204,100.871239176));
#1156=CARTESIAN_POINT('',(636.086704631,401.092533469,103.442038573));
#1157=CARTESIAN_POINT('',(635.681410447,400.898915799,105.997538943));
#1158=CARTESIAN_POINT('',(635.161169232,400.666016766,108.538285889));
#1159=CARTESIAN_POINT('',(634.640928018,400.433117733,111.079032836));
#1160=CARTESIAN_POINT('',(634.003934757,400.159892087,113.61165071));
#1161=CARTESIAN_POINT('',(633.235525796,399.860777298,116.097295979));
#1162=CARTESIAN_POINT('',(632.851321316,399.711219904,117.340118613));
#1163=CARTESIAN_POINT('',(632.433531161,399.555017794,118.572734103));
#1164=CARTESIAN_POINT('',(631.977877464,399.394205707,119.78881033));
#1165=CARTESIAN_POINT('',(631.522223767,399.23339362,121.004886557));
#1166=CARTESIAN_POINT('',(631.028226104,399.067724945,122.206293877));
#1167=CARTESIAN_POINT('',(630.487052781,398.899208077,123.386969468));
#1168=B_SPLINE_CURVE_WITH_KNOTS('',3,(#1116,#1117,#1118,#1119,#1120,#1121,#1122,#1123,#1124,#1125,#1126,#1127,#1128,#1129,#1130,#1131,#1132,#1133,#1134,#1135,#1136,#1137,#1138,#1139,#1140,#1141,
#1142,#1143,#1144,#1145,#1146,#1147,#1148,#1149,#1150,#1151,#1152,#1153,#1154,#1155,#1156,#1157,#1158,#1159,#1160,#1161,#1162,#1163,#1164,#1165,#1166,
#1167),.UNSPECIFIED.,.F.,.F.,(4,3,3,3,3,3,3,3,3,3,3,3,3,3,3,3,3,4),(0.080933863,0.082896019,0.084858175,0.086820332,0.08780141,0.088782488,0.0927068,0.094668957,0.096631113,0.100555425,0.104479738,0.10840405,0.112328363,0.120176988,0.128025613,0.135874237,0.13979855,0.143722862),.UNSPECIFIED.);
#1169=EDGE_CURVE('',#273,#1115,#1168,.T.);
#1170=ORIENTED_EDGE('',*,*,#1169,.T.);
#1171=CARTESIAN_POINT('',(634.804746822,400.508441732,124.554008633));
#1172=VERTEX_POINT('',#1171);
#1173=CARTESIAN_POINT('',(634.804750177,400.508437658,124.554004003));
#1174=CARTESIAN_POINT('',(633.396401951,399.893577189,124.108101362));
#1175=CARTESIAN_POINT('',(631.954279429,399.35609027,123.718306688));
#1176=CARTESIAN_POINT('',(630.487053491,398.899208298,123.386967918));
#1177=B_SPLINE_CURVE_WITH_KNOTS('',3,(#1173,#1174,#1175,#1176),.UNSPECIFIED.,.F.,.F.,(4,4),(336.414751719,342.703845578),.UNSPECIFIED.);
#1178=EDGE_CURVE('',#1172,#1115,#1177,.T.);
#1179=ORIENTED_EDGE('',*,*,#1178,.F.);
#1180=CARTESIAN_POINT('',(636.924237561,401.5050239,117.514670222));
#1181=VERTEX_POINT('',#1180);
#1182=CARTESIAN_POINT('',(634.804748607,400.508436973,124.554008531));
#1183=CARTESIAN_POINT('',(635.607262821,400.858800755,122.239044791));
#1184=CARTESIAN_POINT('',(636.306798807,401.193393946,119.890842417));
#1185=CARTESIAN_POINT('',(636.924237561,401.5050239,117.514670222));
#1186=B_SPLINE_CURVE_WITH_KNOTS('',3,(#1182,#1183,#1184,#1185),.UNSPECIFIED.,.F.,.F.,(4,4),(0.,0.00741874),.UNSPECIFIED.);
#1187=EDGE_CURVE('',#1172,#1181,#1186,.T.);
#1188=ORIENTED_EDGE('',*,*,#1187,.T.);
#1189=CARTESIAN_POINT('',(659.933720597,441.358617575,117.514670222));
#1190=VERTEX_POINT('',#1189);
#1191=CARTESIAN_POINT('',(618.,439.,117.514670222));
#1192=DIRECTION('',(0.,0.,1.));
#1193=DIRECTION('',(1.,0.,-0.));
#1194=AXIS2_PLACEMENT_3D('',#1191,#1192,#1193);
#1195=CIRCLE('',#1194,42.);
#1196=EDGE_CURVE('',#1181,#1190,#1195,.T.);
#1197=ORIENTED_EDGE('',*,*,#1196,.T.);
#1198=CARTESIAN_POINT('',(659.737040728,443.692441176,124.554008727));
#1199=VERTEX_POINT('',#1198);
#1200=CARTESIAN_POINT('',(659.933720597,441.358617575,117.514670222));
#1201=CARTESIAN_POINT('',(659.914300637,441.703883886,118.702756316));
#1202=CARTESIAN_POINT('',(659.889457517,442.07004799,119.883762429));
#1203=CARTESIAN_POINT('',(659.857368919,442.458419754,121.057203372));
#1204=CARTESIAN_POINT('',(659.84132462,442.652605636,121.643923843));
#1205=CARTESIAN_POINT('',(659.823462137,442.852358689,122.228747774));
#1206=CARTESIAN_POINT('',(659.803506948,443.057931353,122.811583799));
#1207=CARTESIAN_POINT('',(659.793529353,443.160717685,123.103001812));
#1208=CARTESIAN_POINT('',(659.783027792,443.264960767,123.393922214));
#1209=CARTESIAN_POINT('',(659.771964196,443.370698706,123.684331308));
#1210=CARTESIAN_POINT('',(659.766432399,443.423567675,123.829535855));
#1211=CARTESIAN_POINT('',(659.760760002,443.476810594,123.974612495));
#1212=CARTESIAN_POINT('',(659.75494198,443.530432678,124.119559357));
#1213=CARTESIAN_POINT('',(659.752032969,443.55724372,124.192032788));
#1214=CARTESIAN_POINT('',(659.749087541,443.584149584,124.264473764));
#1215=CARTESIAN_POINT('',(659.746105051,443.61115095,124.336882042));
#1216=CARTESIAN_POINT('',(659.74312256,443.638152317,124.40929032));
#1217=CARTESIAN_POINT('',(659.740143421,443.664889706,124.480709532));
#1218=CARTESIAN_POINT('',(659.737045717,443.692442309,124.554008512));
#1219=B_SPLINE_CURVE_WITH_KNOTS('',3,(#1200,#1201,#1202,#1203,#1204,#1205,#1206,#1207,#1208,#1209,#1210,#1211,#1212,#1213,#1214,#1215,#1216,#1217,#1218),.UNSPECIFIED.,.F.,.F.,(4,3,3,3,3,3,4),(0.,0.00370937,0.005564055,0.006491397,0.006955069,0.007186904,0.00741874),.UNSPECIFIED.);
#1220=EDGE_CURVE('',#1190,#1199,#1219,.T.);
#1221=ORIENTED_EDGE('',*,*,#1220,.T.);
#1222=CARTESIAN_POINT('',(658.971830984,448.236290548,123.386968456));
#1223=VERTEX_POINT('',#1222);
#1224=CARTESIAN_POINT('',(658.971831017,448.236290551,123.386968434));
#1225=CARTESIAN_POINT('',(659.30977271,446.737194148,123.718306171));
#1226=CARTESIAN_POINT('',(659.565356624,445.219535619,124.108099853));
#1227=CARTESIAN_POINT('',(659.737045844,443.692441181,124.554005513));
#1228=B_SPLINE_CURVE_WITH_KNOTS('',3,(#1224,#1225,#1226,#1227),.UNSPECIFIED.,.F.,.F.,(4,4),(17.296154422,23.585248281),.UNSPECIFIED.);
#1229=EDGE_CURVE('',#1223,#1199,#1228,.T.);
#1230=ORIENTED_EDGE('',*,*,#1229,.F.);
#1231=CARTESIAN_POINT('',(658.971831015,448.23629056,123.386968454));
#1232=CARTESIAN_POINT('',(659.096869714,447.681623681,122.202580342));
#1233=CARTESIAN_POINT('',(659.200514081,447.170197605,120.998970704));
#1234=CARTESIAN_POINT('',(659.289217055,446.694189693,119.779821301));
#1235=CARTESIAN_POINT('',(659.333568541,446.456185737,119.1702466));
#1236=CARTESIAN_POINT('',(659.374133622,446.227114616,118.556751179));
#1237=CARTESIAN_POINT('',(659.411479201,446.006382119,117.939620781));
#1238=CARTESIAN_POINT('',(659.44882478,445.785649622,117.322490383));
#1239=CARTESIAN_POINT('',(659.482913666,445.573451916,116.702215175));
#1240=CARTESIAN_POINT('',(659.514142048,445.369930144,116.081037896));
#1241=CARTESIAN_POINT('',(659.576598811,444.9628866,114.838683337));
#1242=CARTESIAN_POINT('',(659.627831141,444.589541617,113.590331071));
#1243=CARTESIAN_POINT('',(659.670980084,444.246848471,112.336563836));
#1244=CARTESIAN_POINT('',(659.714129026,443.904155325,111.082796602));
#1245=CARTESIAN_POINT('',(659.749164599,443.592157423,109.823606379));
#1246=CARTESIAN_POINT('',(659.77830553,443.309662057,108.559240123));
#1247=CARTESIAN_POINT('',(659.836587392,442.744671324,106.030507611));
#1248=CARTESIAN_POINT('',(659.871699586,442.296441136,103.481293237));
#1249=CARTESIAN_POINT('',(659.894711148,441.972066261,100.910589992));
#1250=CARTESIAN_POINT('',(659.917722709,441.647691385,98.339886746));
#1251=CARTESIAN_POINT('',(659.92870365,441.446631379,95.747788725));
#1252=CARTESIAN_POINT('',(659.93138059,441.399858712,93.12905077));
#1253=CARTESIAN_POINT('',(659.932049825,441.388165545,92.474366281));
#1254=CARTESIAN_POINT('',(659.93215666,441.386276108,91.817221773));
#1255=CARTESIAN_POINT('',(659.931659614,441.394978508,91.160051637));
#1256=CARTESIAN_POINT('',(659.931162567,441.403680908,90.502881502));
#1257=CARTESIAN_POINT('',(659.930064648,441.422934567,89.84687678));
#1258=CARTESIAN_POINT('',(659.928280037,441.453432932,89.192114427));
#1259=CARTESIAN_POINT('',(659.924710814,441.514429662,87.88258972));
#1260=CARTESIAN_POINT('',(659.918486576,441.620221764,86.578013591));
#1261=CARTESIAN_POINT('',(659.908011088,441.77823805,85.279215774));
#1262=CARTESIAN_POINT('',(659.8975356,441.936254336,83.980417957));
#1263=CARTESIAN_POINT('',(659.882877011,442.146386302,82.687385982));
#1264=CARTESIAN_POINT('',(659.860555251,442.419636543,81.401357501));
#1265=CARTESIAN_POINT('',(659.849394371,442.556261664,80.75834326));
#1266=CARTESIAN_POINT('',(659.836255359,442.708958446,80.116604364));
#1267=CARTESIAN_POINT('',(659.820632959,442.87745521,79.483281751));
#1268=CARTESIAN_POINT('',(659.805010559,443.045951974,78.849959138));
#1269=CARTESIAN_POINT('',(659.786885548,443.23053384,78.223523937));
#1270=CARTESIAN_POINT('',(659.765459193,443.432428046,77.604536643));
#1271=CARTESIAN_POINT('',(659.722606484,443.836216457,76.366562057));
#1272=CARTESIAN_POINT('',(659.666882102,444.308922933,75.158220996));
#1273=CARTESIAN_POINT('',(659.588685606,444.863550937,73.985517852));
#1274=CARTESIAN_POINT('',(659.510489109,445.41817894,72.812814708));
#1275=CARTESIAN_POINT('',(659.410145827,446.054372863,71.675581661));
#1276=CARTESIAN_POINT('',(659.270763544,446.792565461,70.58335768));
#1277=CARTESIAN_POINT('',(659.201072403,447.16166176,70.037245689));
#1278=CARTESIAN_POINT('',(659.122344264,447.55154721,69.509886592));
#1279=CARTESIAN_POINT('',(659.032789965,447.96159292,69.004333351));
#1280=CARTESIAN_POINT('',(658.943235667,448.371638629,68.49878011));
#1281=CARTESIAN_POINT('',(658.842784391,448.802267262,68.014378231));
#1282=CARTESIAN_POINT('',(658.728923324,449.254501686,67.552613646));
#1283=CARTESIAN_POINT('',(658.615062257,449.706736111,67.09084906));
#1284=CARTESIAN_POINT('',(658.487810252,450.180558267,66.65170116));
#1285=CARTESIAN_POINT('',(658.343964407,450.67752268,66.237292343));
#1286=CARTESIAN_POINT('',(658.272041484,450.926004887,66.030087935));
#1287=CARTESIAN_POINT('',(658.195953785,451.180208648,65.829240605));
#1288=CARTESIAN_POINT('',(658.116397709,451.436825755,65.637462349));
#1289=CARTESIAN_POINT('',(658.036841632,451.693442862,65.445684093));
#1290=CARTESIAN_POINT('',(657.953583488,451.953299053,65.262257243));
#1291=CARTESIAN_POINT('',(657.866387065,452.216322573,65.08720942));
#1292=B_SPLINE_CURVE_WITH_KNOTS('',3,(#1231,#1232,#1233,#1234,#1235,#1236,#1237,#1238,#1239,#1240,#1241,#1242,#1243,#1244,#1245,#1246,#1247,#1248,#1249,#1250,#1251,#1252,#1253,#1254,#1255,#1256,
#1257,#1258,#1259,#1260,#1261,#1262,#1263,#1264,#1265,#1266,#1267,#1268,#1269,#1270,#1271,#1272,#1273,#1274,#1275,#1276,#1277,#1278,#1279,#1280,#1281,
#1282,#1283,#1284,#1285,#1286,#1287,#1288,#1289,#1290,#1291),.UNSPECIFIED.,.F.,.F.,(4,3,3,3,3,3,3,3,3,3,3,3,3,3,3,3,3,3,3,3,4),(0.,0.003934966,0.005902449,0.007869933,0.011804899,0.015739865,0.023609798,0.031479731,0.033447214,0.035414697,0.039349663,0.04328463,0.045252113,0.047219596,0.051154562,0.055089529,0.057057012,0.059024495,0.060991978,0.06197572,0.062959461),.UNSPECIFIED.);
#1293=EDGE_CURVE('',#1223,#229,#1292,.T.);
#1294=ORIENTED_EDGE('',*,*,#1293,.T.);
#1295=ORIENTED_EDGE('',*,*,#251,.T.);
#1296=CARTESIAN_POINT('',(646.484781429,469.864497801,123.386967373));
#1297=VERTEX_POINT('',#1296);
#1298=CARTESIAN_POINT('',(649.378864626,466.917142669,65.087209421));
#1299=CARTESIAN_POINT('',(649.008868162,467.333018703,65.43885186));
#1300=CARTESIAN_POINT('',(648.64034498,467.730363042,65.82643226));
#1301=CARTESIAN_POINT('',(648.284003971,468.101187321,66.238459538));
#1302=CARTESIAN_POINT('',(647.927662962,468.4720116,66.650486816));
#1303=CARTESIAN_POINT('',(647.581841402,468.818320765,67.08824553));
#1304=CARTESIAN_POINT('',(647.247072437,469.143137757,67.549921426));
#1305=CARTESIAN_POINT('',(646.912303473,469.467954749,68.011597322));
#1306=CARTESIAN_POINT('',(646.588606277,469.771247086,68.497228378));
#1307=CARTESIAN_POINT('',(646.27659926,470.055336648,69.005576169));
#1308=CARTESIAN_POINT('',(646.120595751,470.197381429,69.259750064));
#1309=CARTESIAN_POINT('',(645.967332346,470.334770203,69.519988532));
#1310=CARTESIAN_POINT('',(645.818447349,470.466394567,69.783272148));
#1311=CARTESIAN_POINT('',(645.669562353,470.598018932,70.046555765));
#1312=CARTESIAN_POINT('',(645.524702103,470.724207304,70.31343666));
#1313=CARTESIAN_POINT('',(645.383756184,470.845406219,70.583712883));
#1314=CARTESIAN_POINT('',(644.819972509,471.330201878,71.664817777));
#1315=CARTESIAN_POINT('',(644.318662928,471.736002255,72.799891717));
#1316=CARTESIAN_POINT('',(643.874564519,472.083332827,73.979572205));
#1317=CARTESIAN_POINT('',(643.652515315,472.256998113,74.569412448));
#1318=CARTESIAN_POINT('',(643.444803235,472.415877774,75.170477306));
#1319=CARTESIAN_POINT('',(643.250900125,472.561764598,75.781919926));
#1320=CARTESIAN_POINT('',(643.056997014,472.707651421,76.393362546));
#1321=CARTESIAN_POINT('',(642.876860148,472.840558549,77.015823985));
#1322=CARTESIAN_POINT('',(642.711992825,472.960527243,77.63979281));
#1323=CARTESIAN_POINT('',(642.382258179,473.200464631,78.88773046));
#1324=CARTESIAN_POINT('',(642.110618091,473.39115293,80.149814309));
#1325=CARTESIAN_POINT('',(641.887926886,473.54514364,81.423304403));
#1326=CARTESIAN_POINT('',(641.66523568,473.69913435,82.696794496));
#1327=CARTESIAN_POINT('',(641.491572736,473.816245499,83.981722422));
#1328=CARTESIAN_POINT('',(641.360329377,473.904083019,85.276264768));
#1329=CARTESIAN_POINT('',(641.229086017,473.99192054,86.570807115));
#1330=CARTESIAN_POINT('',(641.140300478,474.050395967,87.874979186));
#1331=CARTESIAN_POINT('',(641.08905387,474.084121642,89.187535922));
#1332=CARTESIAN_POINT('',(641.037807262,474.117847317,90.500092658));
#1333=CARTESIAN_POINT('',(641.024585586,474.126471266,91.807280103));
#1334=CARTESIAN_POINT('',(641.043741158,474.113900288,93.109651063));
#1335=CARTESIAN_POINT('',(641.082052304,474.088758332,95.714392983));
#1336=CARTESIAN_POINT('',(641.248772609,473.97998675,98.300439779));
#1337=CARTESIAN_POINT('',(641.517124651,473.798632849,100.871239176));
#1338=CARTESIAN_POINT('',(641.785476693,473.617278947,103.442038573));
#1339=CARTESIAN_POINT('',(642.155801606,473.363092722,105.997538943));
#1340=CARTESIAN_POINT('',(642.617618693,473.029000131,108.538285889));
#1341=CARTESIAN_POINT('',(643.079435779,472.69490754,111.079032836));
#1342=CARTESIAN_POINT('',(643.63455276,472.279868017,113.61165071));
#1343=CARTESIAN_POINT('',(644.277798246,471.763963731,116.097295979));
#1344=CARTESIAN_POINT('',(644.599420989,471.506011588,117.340118613));
#1345=CARTESIAN_POINT('',(644.943591062,471.222295755,118.572734103));
#1346=CARTESIAN_POINT('',(645.310685263,470.908094121,119.78881033));
#1347=CARTESIAN_POINT('',(645.677779464,470.593892488,121.004886557));
#1348=CARTESIAN_POINT('',(646.067968697,470.249173369,122.205492034));
#1349=CARTESIAN_POINT('',(646.484778127,469.864500888,123.386969468));
#1350=B_SPLINE_CURVE_WITH_KNOTS('',3,(#1298,#1299,#1300,#1301,#1302,#1303,#1304,#1305,#1306,#1307,#1308,#1309,#1310,#1311,#1312,#1313,#1314,#1315,#1316,#1317,#1318,#1319,#1320,#1321,#1322,#1323,
#1324,#1325,#1326,#1327,#1328,#1329,#1330,#1331,#1332,#1333,#1334,#1335,#1336,#1337,#1338,#1339,#1340,#1341,#1342,#1343,#1344,#1345,#1346,#1347,#1348,
#1349),.UNSPECIFIED.,.F.,.F.,(4,3,3,3,3,3,3,3,3,3,3,3,3,3,3,3,3,4),(0.080933863,0.082896019,0.084858175,0.086820332,0.08780141,0.088782488,0.0927068,0.094668957,0.096631113,0.100555425,0.104479738,0.10840405,0.112328363,0.120176988,0.128025613,0.135874237,0.13979855,0.143722862),.UNSPECIFIED.);
#1351=EDGE_CURVE('',#238,#1297,#1350,.T.);
#1352=ORIENTED_EDGE('',*,*,#1351,.T.);
#1353=CARTESIAN_POINT('',(642.932293881,472.799116786,124.554008633));
#1354=VERTEX_POINT('',#1353);
#1355=CARTESIAN_POINT('',(642.932295731,472.799121728,124.554004003));
#1356=CARTESIAN_POINT('',(644.16895463,471.886886622,124.108101362));
#1357=CARTESIAN_POINT('',(645.355493218,470.906715342,123.718306688));
#1358=CARTESIAN_POINT('',(646.48477758,469.864501393,123.386967918));
#1359=B_SPLINE_CURVE_WITH_KNOTS('',3,(#1355,#1356,#1357,#1358),.UNSPECIFIED.,.F.,.F.,(4,4),(336.414751719,342.703845578),.UNSPECIFIED.);
#1360=EDGE_CURVE('',#1354,#1297,#1359,.T.);
#1361=ORIENTED_EDGE('',*,*,#1360,.F.);
#1362=CARTESIAN_POINT('',(641.009483037,474.136358525,117.514670222));
#1363=VERTEX_POINT('',#1362);
#1364=CARTESIAN_POINT('',(642.932297109,472.799120711,124.554008531));
#1365=CARTESIAN_POINT('',(642.579956588,473.059028614,123.396526661));
#1366=CARTESIAN_POINT('',(642.244059342,473.298359516,122.230644327));
#1367=CARTESIAN_POINT('',(641.923763826,473.52033494,121.057203381));
#1368=CARTESIAN_POINT('',(641.763616068,473.631322653,120.470482908));
#1369=CARTESIAN_POINT('',(641.607378531,473.737953618,119.881866713));
#1370=CARTESIAN_POINT('',(641.455008,473.840530991,119.291424187));
#1371=CARTESIAN_POINT('',(641.378822734,473.891819677,118.996202925));
#1372=CARTESIAN_POINT('',(641.30360426,473.942094564,118.700524993));
#1373=CARTESIAN_POINT('',(641.22935062,473.991388509,118.404397168));
#1374=CARTESIAN_POINT('',(641.155096979,474.040682454,118.108269343));
#1375=CARTESIAN_POINT('',(641.08211784,474.088792717,117.812964638));
#1376=CARTESIAN_POINT('',(641.009483037,474.136358525,117.514670222));
#1377=B_SPLINE_CURVE_WITH_KNOTS('',3,(#1364,#1365,#1366,#1367,#1368,#1369,#1370,#1371,#1372,#1373,#1374,#1375,#1376),.UNSPECIFIED.,.F.,.F.,(4,3,3,3,4),(0.,0.00370937,0.005564055,0.006491397,0.00741874),.UNSPECIFIED.);
#1378=EDGE_CURVE('',#1354,#1363,#1377,.T.);
#1379=ORIENTED_EDGE('',*,*,#1378,.T.);
#1380=CARTESIAN_POINT('',(594.990516963,474.136358525,117.514670222));
#1381=VERTEX_POINT('',#1380);
#1382=CARTESIAN_POINT('',(618.,439.,117.514670222));
#1383=DIRECTION('',(0.,0.,1.));
#1384=DIRECTION('',(1.,0.,-0.));
#1385=AXIS2_PLACEMENT_3D('',#1382,#1383,#1384);
#1386=CIRCLE('',#1385,42.);
#1387=EDGE_CURVE('',#1363,#1381,#1386,.T.);
#1388=ORIENTED_EDGE('',*,*,#1387,.T.);
#1389=CARTESIAN_POINT('',(593.067706372,472.799116962,124.554008727));
#1390=VERTEX_POINT('',#1389);
#1391=CARTESIAN_POINT('',(594.990516963,474.136358525,117.514670222));
#1392=CARTESIAN_POINT('',(594.411918131,473.757455856,119.89084241));
#1393=CARTESIAN_POINT('',(593.772383937,473.318936518,122.239044778));
#1394=CARTESIAN_POINT('',(593.067702896,472.799120715,124.554008512));
#1395=B_SPLINE_CURVE_WITH_KNOTS('',3,(#1391,#1392,#1393,#1394),.UNSPECIFIED.,.F.,.F.,(4,4),(0.,0.00741874),.UNSPECIFIED.);
#1396=EDGE_CURVE('',#1381,#1390,#1395,.T.);
#1397=ORIENTED_EDGE('',*,*,#1396,.T.);
#1398=CARTESIAN_POINT('',(589.515222257,469.864501197,123.386968456));
#1399=VERTEX_POINT('',#1398);
#1400=CARTESIAN_POINT('',(589.515222238,469.864501224,123.386968434));
#1401=CARTESIAN_POINT('',(590.644506959,470.906715517,123.718306171));
#1402=CARTESIAN_POINT('',(591.831045373,471.886886624,124.108101353));
#1403=CARTESIAN_POINT('',(593.067704266,472.799121726,124.554004013));
#1404=B_SPLINE_CURVE_WITH_KNOTS('',3,(#1400,#1401,#1402,#1403),.UNSPECIFIED.,.F.,.F.,(4,4),(17.296154422,23.585248281),.UNSPECIFIED.);
#1405=EDGE_CURVE('',#1399,#1390,#1404,.T.);
#1406=ORIENTED_EDGE('',*,*,#1405,.F.);
#1407=CARTESIAN_POINT('',(589.515222231,469.864501218,123.386968454));
#1408=CARTESIAN_POINT('',(589.933058489,470.250121348,122.202580342));
#1409=CARTESIAN_POINT('',(590.32414428,470.595593041,120.998970704));
#1410=CARTESIAN_POINT('',(590.692027737,470.910416025,119.779821301));
#1411=CARTESIAN_POINT('',(590.875969466,471.067827517,119.1702466));
#1412=CARTESIAN_POINT('',(591.054068336,471.217493468,118.556751179));
#1413=CARTESIAN_POINT('',(591.226555496,471.360201937,117.939620781));
#1414=CARTESIAN_POINT('',(591.399042656,471.502910405,117.322490383));
#1415=CARTESIAN_POINT('',(591.565766817,471.6385311,116.702215175));
#1416=CARTESIAN_POINT('',(591.726407651,471.767336557,116.081037896));
#1417=CARTESIAN_POINT('',(592.047689319,472.024947473,114.838683337));
#1418=CARTESIAN_POINT('',(592.345399393,472.255988464,113.590331071));
#1419=CARTESIAN_POINT('',(592.620605892,472.464703117,112.336563836));
#1420=CARTESIAN_POINT('',(592.895812391,472.67341777,111.082796602));
#1421=CARTESIAN_POINT('',(593.148492714,472.859758418,109.823606379));
#1422=CARTESIAN_POINT('',(593.378570412,473.026242888,108.559240123));
#1423=CARTESIAN_POINT('',(593.838725808,473.359211827,106.030507611));
#1424=CARTESIAN_POINT('',(594.209348441,473.613734973,103.481293237));
#1425=CARTESIAN_POINT('',(594.478759543,473.795851008,100.910589992));
#1426=CARTESIAN_POINT('',(594.748170644,473.977967043,98.339886746));
#1427=CARTESIAN_POINT('',(594.916803247,474.088006819,95.747788725));
#1428=CARTESIAN_POINT('',(594.955971095,474.113711451,93.12905077));
#1429=CARTESIAN_POINT('',(594.965763057,474.120137609,92.474366281));
#1430=CARTESIAN_POINT('',(594.96734594,474.121174849,91.817221773));
#1431=CARTESIAN_POINT('',(594.960057964,474.116393194,91.160051637));
#1432=CARTESIAN_POINT('',(594.952769987,474.11161154,90.502881502));
#1433=CARTESIAN_POINT('',(594.936644789,474.101033885,89.84687678));
#1434=CARTESIAN_POINT('',(594.911124736,474.084239183,89.192114427));
#1435=CARTESIAN_POINT('',(594.860084629,474.05064978,87.88258972));
#1436=CARTESIAN_POINT('',(594.771578101,473.992363381,86.578013591));
#1437=CARTESIAN_POINT('',(594.639969727,473.904283199,85.279215774));
#1438=CARTESIAN_POINT('',(594.508361353,473.816203018,83.980417957));
#1439=CARTESIAN_POINT('',(594.333711027,473.698442324,82.687385982));
#1440=CARTESIAN_POINT('',(594.108230257,473.542485992,81.401357501));
#1441=CARTESIAN_POINT('',(593.995489871,473.464507827,80.75834326));
#1442=CARTESIAN_POINT('',(593.869820084,473.376780717,80.116604364));
#1443=CARTESIAN_POINT('',(593.731708806,473.27900294,79.483281751));
#1444=CARTESIAN_POINT('',(593.593597529,473.181225163,78.849959138));
#1445=CARTESIAN_POINT('',(593.442807449,473.073237509,78.223523937));
#1446=CARTESIAN_POINT('',(593.278675115,472.953734639,77.604536643));
#1447=CARTESIAN_POINT('',(592.950410448,472.714728899,76.366562057));
#1448=CARTESIAN_POINT('',(592.568896822,472.43011693,75.158220996));
#1449=CARTESIAN_POINT('',(592.127673129,472.085082776,73.985517852));
#1450=CARTESIAN_POINT('',(591.686449437,471.740048622,72.812814708));
#1451=CARTESIAN_POINT('',(591.18566098,471.335051829,71.675581661));
#1452=CARTESIAN_POINT('',(590.616058578,470.845246933,70.58335768));
#1453=CARTESIAN_POINT('',(590.331257377,470.600344484,70.037245689));
#1454=CARTESIAN_POINT('',(590.032970742,470.337221191,69.509886592));
#1455=CARTESIAN_POINT('',(589.72263789,470.054642038,69.004333351));
#1456=CARTESIAN_POINT('',(589.412305039,469.772062886,68.49878011));
#1457=CARTESIAN_POINT('',(589.089595341,469.469755213,68.014378231));
#1458=CARTESIAN_POINT('',(588.754879374,469.145031425,67.552613646));
#1459=CARTESIAN_POINT('',(588.420163408,468.820307636,67.09084906));
#1460=CARTESIAN_POINT('',(588.073447386,468.473193088,66.65170116));
#1461=CARTESIAN_POINT('',(587.714986502,468.100136726,66.237292343));
#1462=CARTESIAN_POINT('',(587.535756061,467.913608544,66.030087935));
#1463=CARTESIAN_POINT('',(587.353652995,467.720612783,65.829240605));
#1464=CARTESIAN_POINT('',(587.171194099,467.523406647,65.637462349));
#1465=CARTESIAN_POINT('',(586.988735203,467.32620051,65.445684093));
#1466=CARTESIAN_POINT('',(586.805322214,467.124168746,65.262257243));
#1467=CARTESIAN_POINT('',(586.621135374,466.917142669,65.08720942));
#1468=B_SPLINE_CURVE_WITH_KNOTS('',3,(#1407,#1408,#1409,#1410,#1411,#1412,#1413,#1414,#1415,#1416,#1417,#1418,#1419,#1420,#1421,#1422,#1423,#1424,#1425,#1426,#1427,#1428,#1429,#1430,#1431,#1432,
#1433,#1434,#1435,#1436,#1437,#1438,#1439,#1440,#1441,#1442,#1443,#1444,#1445,#1446,#1447,#1448,#1449,#1450,#1451,#1452,#1453,#1454,#1455,#1456,#1457,
#1458,#1459,#1460,#1461,#1462,#1463,#1464,#1465,#1466,#1467),.UNSPECIFIED.,.F.,.F.,(4,3,3,3,3,3,3,3,3,3,3,3,3,3,3,3,3,3,3,3,4),(0.,0.003934966,0.005902449,0.007869933,0.011804899,0.015739865,0.023609798,0.031479731,0.033447214,0.035414697,0.039349663,0.04328463,0.045252113,0.047219596,0.051154562,0.055089529,0.057057012,0.059024495,0.060991978,0.06197572,0.062959461),.UNSPECIFIED.);
#1469=EDGE_CURVE('',#1399,#194,#1468,.T.);
#1470=ORIENTED_EDGE('',*,*,#1469,.T.);
#1471=ORIENTED_EDGE('',*,*,#216,.T.);
#1472=CARTESIAN_POINT('',(577.028170115,448.236295438,123.386967373));
#1473=VERTEX_POINT('',#1472);
#1474=CARTESIAN_POINT('',(578.133612935,452.216322573,65.087209421));
#1475=CARTESIAN_POINT('',(577.958452218,451.687958886,65.438853254));
#1476=CARTESIAN_POINT('',(577.798603256,451.170135612,65.82643226));
#1477=CARTESIAN_POINT('',(577.655630514,450.676123107,66.238459538));
#1478=CARTESIAN_POINT('',(577.512657773,450.182110601,66.650486816));
#1479=CARTESIAN_POINT('',(577.385656018,449.709465762,67.08824553));
#1480=CARTESIAN_POINT('',(577.271740734,449.257138839,67.549921426));
#1481=CARTESIAN_POINT('',(577.15782545,448.804811915,68.011597322));
#1482=CARTESIAN_POINT('',(577.057015179,448.372835751,68.497228378));
#1483=CARTESIAN_POINT('',(576.96698991,447.960584967,69.005576169));
#1484=CARTESIAN_POINT('',(576.921977276,447.754459576,69.259750064));
#1485=CARTESIAN_POINT('',(576.87962681,447.553035186,69.519988532));
#1486=CARTESIAN_POINT('',(576.840079264,447.358284815,69.783272148));
#1487=CARTESIAN_POINT('',(576.800531719,447.163534443,70.046555765));
#1488=CARTESIAN_POINT('',(576.763679508,446.974987601,70.31343666));
#1489=CARTESIAN_POINT('',(576.729191129,446.792325397,70.583712883));
#1490=CARTESIAN_POINT('',(576.59123761,446.061676583,71.664817777));
#1491=CARTESIAN_POINT('',(576.490458965,445.424629562,72.799891717));
#1492=CARTESIAN_POINT('',(576.41171107,444.866363772,73.979572205));
#1493=CARTESIAN_POINT('',(576.372337123,444.587230877,74.569412448));
#1494=CARTESIAN_POINT('',(576.33859934,444.327907109,75.170477306));
#1495=CARTESIAN_POINT('',(576.3092092,444.087038678,75.781919926));
#1496=CARTESIAN_POINT('',(576.27981906,443.846170246,76.393362546));
#1497=CARTESIAN_POINT('',(576.254786544,443.62371358,77.015823985));
#1498=CARTESIAN_POINT('',(576.233324269,443.420949943,77.63979281));
#1499=CARTESIAN_POINT('',(576.190399719,443.015422669,78.88773046));
#1500=CARTESIAN_POINT('',(576.161078852,442.684831303,80.149814309));
#1501=CARTESIAN_POINT('',(576.139064588,442.414979707,81.423304403));
#1502=CARTESIAN_POINT('',(576.117050323,442.14512811,82.696794496));
#1503=CARTESIAN_POINT('',(576.102460565,441.936176015,83.981722422));
#1504=CARTESIAN_POINT('',(576.092012721,441.778597171,85.276264768));
#1505=CARTESIAN_POINT('',(576.081564877,441.621018328,86.570807115));
#1506=CARTESIAN_POINT('',(576.075316441,441.514890081,87.874979186));
#1507=CARTESIAN_POINT('',(576.071732454,441.45364638,89.187535922));
#1508=CARTESIAN_POINT('',(576.068148466,441.392402678,90.500092658));
#1509=CARTESIAN_POINT('',(576.067290746,441.376640396,91.807280103));
#1510=CARTESIAN_POINT('',(576.068599746,441.399515098,93.109651063));
#1511=CARTESIAN_POINT('',(576.071217745,441.445264501,95.714392983));
#1512=CARTESIAN_POINT('',(576.082056546,441.644034311,98.300439779));
#1513=CARTESIAN_POINT('',(576.10493761,441.967110948,100.871239176));
#1514=CARTESIAN_POINT('',(576.127818675,442.290187584,103.442038573));
#1515=CARTESIAN_POINT('',(576.162787947,442.737991479,105.997538943));
#1516=CARTESIAN_POINT('',(576.221212075,443.304983103,108.538285889));
#1517=CARTESIAN_POINT('',(576.279636203,443.871974728,111.079032836));
#1518=CARTESIAN_POINT('',(576.361512483,444.560239896,113.61165071));
#1519=CARTESIAN_POINT('',(576.486675958,445.375258971,116.097295979));
#1520=CARTESIAN_POINT('',(576.549257695,445.782768509,117.340118613));
#1521=CARTESIAN_POINT('',(576.622877777,446.222686451,118.572734103));
#1522=CARTESIAN_POINT('',(576.711437273,446.697700172,119.78881033));
#1523=CARTESIAN_POINT('',(576.799996769,447.172713892,121.004886557));
#1524=CARTESIAN_POINT('',(576.903522319,447.683362755,122.206293877));
#1525=CARTESIAN_POINT('',(577.028169092,448.236291035,123.386969468));
#1526=B_SPLINE_CURVE_WITH_KNOTS('',3,(#1474,#1475,#1476,#1477,#1478,#1479,#1480,#1481,#1482,#1483,#1484,#1485,#1486,#1487,#1488,#1489,#1490,#1491,#1492,#1493,#1494,#1495,#1496,#1497,#1498,#1499,
#1500,#1501,#1502,#1503,#1504,#1505,#1506,#1507,#1508,#1509,#1510,#1511,#1512,#1513,#1514,#1515,#1516,#1517,#1518,#1519,#1520,#1521,#1522,#1523,#1524,
#1525),.UNSPECIFIED.,.F.,.F.,(4,3,3,3,3,3,3,3,3,3,3,3,3,3,3,3,3,4),(0.080933863,0.082896019,0.084858175,0.086820332,0.08780141,0.088782488,0.0927068,0.094668957,0.096631113,0.100555425,0.104479738,0.10840405,0.112328363,0.120176988,0.128025613,0.135874237,0.13979855,0.143722862),.UNSPECIFIED.);
#1527=EDGE_CURVE('',#203,#1473,#1526,.T.);
#1528=ORIENTED_EDGE('',*,*,#1527,.T.);
#1529=CARTESIAN_POINT('',(576.262959298,443.692441482,124.554008633));
#1530=VERTEX_POINT('',#1529);
#1531=CARTESIAN_POINT('',(576.262954092,443.692440614,124.554004003));
#1532=CARTESIAN_POINT('',(576.434643419,445.219536189,124.108101362));
#1533=CARTESIAN_POINT('',(576.690227354,446.737194389,123.718306688));
#1534=CARTESIAN_POINT('',(577.028168929,448.236290309,123.386967918));
#1535=B_SPLINE_CURVE_WITH_KNOTS('',3,(#1531,#1532,#1533,#1534),.UNSPECIFIED.,.F.,.F.,(4,4),(336.414751719,342.703845578),.UNSPECIFIED.);
#1536=EDGE_CURVE('',#1530,#1473,#1535,.T.);
#1537=ORIENTED_EDGE('',*,*,#1536,.F.);
#1538=CARTESIAN_POINT('',(576.066279403,441.358617575,117.514670222));
#1539=VERTEX_POINT('',#1538);
#1540=CARTESIAN_POINT('',(576.262954284,443.692442316,124.554008531));
#1541=CARTESIAN_POINT('',(576.214037698,443.257352522,123.396526661));
#1542=CARTESIAN_POINT('',(576.17471968,442.846791523,122.230644327));
#1543=CARTESIAN_POINT('',(576.142631081,442.458419757,121.057203381));
#1544=CARTESIAN_POINT('',(576.126586782,442.264233874,120.470482908));
#1545=CARTESIAN_POINT('',(576.112360426,442.075612715,119.881866713));
#1546=CARTESIAN_POINT('',(576.099711081,441.892367278,119.291424187));
#1547=CARTESIAN_POINT('',(576.093386408,441.80074456,118.996202925));
#1548=CARTESIAN_POINT('',(576.087456316,441.710466007,118.700524993));
#1549=CARTESIAN_POINT('',(576.081893328,441.621513495,118.404397168));
#1550=CARTESIAN_POINT('',(576.07633034,441.532560984,118.108269343));
#1551=CARTESIAN_POINT('',(576.071155199,441.445304065,117.812964638));
#1552=CARTESIAN_POINT('',(576.066279403,441.358617575,117.514670222));
#1553=B_SPLINE_CURVE_WITH_KNOTS('',3,(#1540,#1541,#1542,#1543,#1544,#1545,#1546,#1547,#1548,#1549,#1550,#1551,#1552),.UNSPECIFIED.,.F.,.F.,(4,3,3,3,4),(0.,0.00370937,0.005564055,0.006491397,0.00741874),.UNSPECIFIED.);
#1554=EDGE_CURVE('',#1530,#1539,#1553,.T.);
#1555=ORIENTED_EDGE('',*,*,#1554,.T.);
#1556=CARTESIAN_POINT('',(599.075762439,401.5050239,117.514670222));
#1557=VERTEX_POINT('',#1556);
#1558=CARTESIAN_POINT('',(618.,439.,117.514670222));
#1559=DIRECTION('',(0.,0.,1.));
#1560=DIRECTION('',(1.,0.,-0.));
#1561=AXIS2_PLACEMENT_3D('',#1558,#1559,#1560);
#1562=CIRCLE('',#1561,42.);
#1563=EDGE_CURVE('',#1539,#1557,#1562,.T.);
#1564=ORIENTED_EDGE('',*,*,#1563,.T.);
#1565=CARTESIAN_POINT('',(601.1952529,400.508441863,124.554008727));
#1566=VERTEX_POINT('',#1565);
#1567=CARTESIAN_POINT('',(599.075762439,401.5050239,117.514670222));
#1568=CARTESIAN_POINT('',(599.384481815,401.349208924,118.702756316));
#1569=CARTESIAN_POINT('',(599.714010791,401.187641645,119.883762429));
#1570=CARTESIAN_POINT('',(600.066394905,401.021245304,121.057203372));
#1571=CARTESIAN_POINT('',(600.242586961,400.938047133,121.643923843));
#1572=CARTESIAN_POINT('',(600.424509421,400.853639971,122.228747774));
#1573=CARTESIAN_POINT('',(600.612518165,400.768135339,122.811583799));
#1574=CARTESIAN_POINT('',(600.706522537,400.725383024,123.103001812));
#1575=CARTESIAN_POINT('',(600.802050475,400.682356101,123.393922214));
#1576=CARTESIAN_POINT('',(600.899154013,400.639068487,123.684331308));
#1577=CARTESIAN_POINT('',(600.947705782,400.61742468,123.829535855));
#1578=CARTESIAN_POINT('',(600.996651701,400.59571566,123.974612495));
#1579=CARTESIAN_POINT('',(601.0459988,400.573943173,124.119559357));
#1580=CARTESIAN_POINT('',(601.070672349,400.563056929,124.192032788));
#1581=CARTESIAN_POINT('',(601.095446224,400.552154812,124.264473764));
#1582=CARTESIAN_POINT('',(601.120321338,400.541237042,124.336882042));
#1583=CARTESIAN_POINT('',(601.145196453,400.530319271,124.40929032));
#1584=CARTESIAN_POINT('',(601.169841281,400.519530587,124.480709532));
#1585=CARTESIAN_POINT('',(601.195251387,400.508436976,124.554008512));
#1586=B_SPLINE_CURVE_WITH_KNOTS('',3,(#1567,#1568,#1569,#1570,#1571,#1572,#1573,#1574,#1575,#1576,#1577,#1578,#1579,#1580,#1581,#1582,#1583,#1584,#1585),.UNSPECIFIED.,.F.,.F.,(4,3,3,3,3,3,4),(0.,0.00370937,0.005564055,0.006491397,0.006955069,0.007186904,0.00741874),.UNSPECIFIED.);
#1587=EDGE_CURVE('',#1557,#1566,#1586,.T.);
#1588=ORIENTED_EDGE('',*,*,#1587,.T.);
#1589=CARTESIAN_POINT('',(605.51294676,398.899208254,123.386968456));
#1590=VERTEX_POINT('',#1589);
#1591=CARTESIAN_POINT('',(605.512946746,398.899208225,123.386968434));
#1592=CARTESIAN_POINT('',(604.045720332,399.356090335,123.718306171));
#1593=CARTESIAN_POINT('',(602.603598046,399.89357719,124.108101353));
#1594=CARTESIAN_POINT('',(601.195249827,400.508437657,124.554004013));
#1595=B_SPLINE_CURVE_WITH_KNOTS('',3,(#1591,#1592,#1593,#1594),.UNSPECIFIED.,.F.,.F.,(4,4),(17.296154422,23.585248281),.UNSPECIFIED.);
#1596=EDGE_CURVE('',#1590,#1566,#1595,.T.);
#1597=ORIENTED_EDGE('',*,*,#1596,.F.);
#1598=CARTESIAN_POINT('',(605.512946754,398.899208222,123.386968454));
#1599=CARTESIAN_POINT('',(604.970071797,399.068254971,122.202580342));
#1600=CARTESIAN_POINT('',(604.475341639,399.234209354,120.998970704));
#1601=CARTESIAN_POINT('',(604.018755208,399.395394282,119.779821301));
#1602=CARTESIAN_POINT('',(603.790461993,399.475986746,119.1702466));
#1603=CARTESIAN_POINT('',(603.571798043,399.555391916,118.556751179));
#1604=CARTESIAN_POINT('',(603.361965303,399.633415944,117.939620781));
#1605=CARTESIAN_POINT('',(603.152132564,399.711439973,117.322490383));
#1606=CARTESIAN_POINT('',(602.951319517,399.788016984,116.702215175));
#1607=CARTESIAN_POINT('',(602.759450302,399.862733298,116.081037896));
#1608=CARTESIAN_POINT('',(602.37571187,400.012165927,114.838683337));
#1609=CARTESIAN_POINT('',(602.026769465,400.154469919,113.590331071));
#1610=CARTESIAN_POINT('',(601.708414024,400.288448411,112.336563836));
#1611=CARTESIAN_POINT('',(601.390058583,400.422426904,111.082796602));
#1612=CARTESIAN_POINT('',(601.102342687,400.548084159,109.823606379));
#1613=CARTESIAN_POINT('',(600.843124058,400.664095056,108.559240123));
#1614=CARTESIAN_POINT('',(600.3246868,400.896116849,106.030507611));
#1615=CARTESIAN_POINT('',(599.918951973,401.089823891,103.481293237));
#1616=CARTESIAN_POINT('',(599.62652931,401.232082732,100.910589992));
#1617=CARTESIAN_POINT('',(599.334106646,401.374341572,98.339886746));
#1618=CARTESIAN_POINT('',(599.154493103,401.465361802,95.747788725));
#1619=CARTESIAN_POINT('',(599.112648315,401.486429838,93.12905077));
#1620=CARTESIAN_POINT('',(599.102187118,401.491696847,92.474366281));
#1621=CARTESIAN_POINT('',(599.1004974,401.492549043,91.817221773));
#1622=CARTESIAN_POINT('',(599.108282422,401.488628298,91.160051637));
#1623=CARTESIAN_POINT('',(599.116067445,401.484707552,90.502881502));
#1624=CARTESIAN_POINT('',(599.133290562,401.476031549,89.84687678));
#1625=CARTESIAN_POINT('',(599.160595227,401.462327885,89.192114427));
#1626=CARTESIAN_POINT('',(599.215204557,401.434920558,87.88258972));
#1627=CARTESIAN_POINT('',(599.309935324,401.387414855,86.578013591));
#1628=CARTESIAN_POINT('',(599.452019185,401.317478751,85.279215774));
#1629=CARTESIAN_POINT('',(599.594103047,401.247542646,83.980417957));
#1630=CARTESIAN_POINT('',(599.783411962,401.155171374,82.687385982));
#1631=CARTESIAN_POINT('',(600.031214493,401.037877465,81.401357501));
#1632=CARTESIAN_POINT('',(600.155115758,400.97923051,80.75834326));
#1633=CARTESIAN_POINT('',(600.293924557,400.914260837,80.116604364));
#1634=CARTESIAN_POINT('',(600.447658235,400.84354185,79.483281751));
#1635=CARTESIAN_POINT('',(600.601391912,400.772822863,78.849959138));
#1636=CARTESIAN_POINT('',(600.770307003,400.696228651,78.223523937));
#1637=CARTESIAN_POINT('',(600.955865691,400.613837315,77.604536643));
#1638=CARTESIAN_POINT('',(601.326983068,400.449054644,76.366562057));
#1639=CARTESIAN_POINT('',(601.764221076,400.260960136,75.158220996));
#1640=CARTESIAN_POINT('',(602.283641265,400.051366287,73.985517852));
#1641=CARTESIAN_POINT('',(602.803061454,399.841772438,72.812814708));
#1642=CARTESIAN_POINT('',(603.404193194,399.610575308,71.675581661));
#1643=CARTESIAN_POINT('',(604.113177878,399.362187607,70.58335768));
#1644=CARTESIAN_POINT('',(604.46767022,399.237993756,70.037245689));
#1645=CARTESIAN_POINT('',(604.844684994,399.111231599,69.509886592));
#1646=CARTESIAN_POINT('',(605.244572144,398.983765042,69.004333351));
#1647=CARTESIAN_POINT('',(605.644459295,398.856298485,68.49878011));
#1648=CARTESIAN_POINT('',(606.067620268,398.727977525,68.014378231));
#1649=CARTESIAN_POINT('',(606.516197301,398.600466889,67.552613646));
#1650=CARTESIAN_POINT('',(606.964774335,398.472956253,67.09084906));
#1651=CARTESIAN_POINT('',(607.438742362,398.346248644,66.65170116));
#1652=CARTESIAN_POINT('',(607.941049091,398.222340594,66.237292343));
#1653=CARTESIAN_POINT('',(608.192202455,398.160386569,66.030087935));
#1654=CARTESIAN_POINT('',(608.45039322,398.099178569,65.829240605));
#1655=CARTESIAN_POINT('',(608.712408192,398.039767598,65.637462349));
#1656=CARTESIAN_POINT('',(608.974423164,397.980356628,65.445684093));
#1657=CARTESIAN_POINT('',(609.241094299,397.922532201,65.262257243));
#1658=CARTESIAN_POINT('',(609.51247756,397.866534758,65.08720942));
#1659=B_SPLINE_CURVE_WITH_KNOTS('',3,(#1598,#1599,#1600,#1601,#1602,#1603,#1604,#1605,#1606,#1607,#1608,#1609,#1610,#1611,#1612,#1613,#1614,#1615,#1616,#1617,#1618,#1619,#1620,#1621,#1622,#1623,
#1624,#1625,#1626,#1627,#1628,#1629,#1630,#1631,#1632,#1633,#1634,#1635,#1636,#1637,#1638,#1639,#1640,#1641,#1642,#1643,#1644,#1645,#1646,#1647,#1648,
#1649,#1650,#1651,#1652,#1653,#1654,#1655,#1656,#1657,#1658),.UNSPECIFIED.,.F.,.F.,(4,3,3,3,3,3,3,3,3,3,3,3,3,3,3,3,3,3,3,3,4),(0.,0.003934966,0.005902449,0.007869933,0.011804899,0.015739865,0.023609798,0.031479731,0.033447214,0.035414697,0.039349663,0.04328463,0.045252113,0.047219596,0.051154562,0.055089529,0.057057012,0.059024495,0.060991978,0.06197572,0.062959461),.UNSPECIFIED.);
#1660=EDGE_CURVE('',#1590,#264,#1659,.T.);
#1661=ORIENTED_EDGE('',*,*,#1660,.T.);
#1662=ORIENTED_EDGE('',*,*,#295,.T.);
#1663=ORIENTED_EDGE('',*,*,#1111,.T.);
#1664=CARTESIAN_POINT('',(584.081050089,463.769029794,2.9622155));
#1665=VERTEX_POINT('',#1664);
#1666=CARTESIAN_POINT('',(618.,439.,2.9622155));
#1667=DIRECTION('',(-0.,0.,1.));
#1668=DIRECTION('',(1.,0.,0.));
#1669=AXIS2_PLACEMENT_3D('',#1666,#1667,#1668);
#1670=CIRCLE('',#1669,42.);
#1671=EDGE_CURVE('',#1665,#1106,#1670,.T.);
#1672=ORIENTED_EDGE('',*,*,#1671,.F.);
#1673=CARTESIAN_POINT('',(584.081050089,463.769029794,2.9622155));
#1674=CARTESIAN_POINT('',(584.701655436,464.618892782,5.768164221));
#1675=CARTESIAN_POINT('',(585.369038504,465.466066159,8.559478659));
#1676=CARTESIAN_POINT('',(586.090848644,466.309450009,11.333966957));
#1677=CARTESIAN_POINT('',(586.812658785,467.152833858,14.108455255));
#1678=CARTESIAN_POINT('',(587.588765443,467.992443396,16.866155906));
#1679=CARTESIAN_POINT('',(588.430532205,468.826943765,19.60372158));
#1680=CARTESIAN_POINT('',(589.272298968,469.661444134,22.341287254));
#1681=CARTESIAN_POINT('',(590.179447225,470.490863118,25.058801527));
#1682=CARTESIAN_POINT('',(591.169992879,471.313321059,27.750885388));
#1683=CARTESIAN_POINT('',(592.160538532,472.135779,30.442969249));
#1684=CARTESIAN_POINT('',(593.233783597,472.951341964,33.109833156));
#1685=CARTESIAN_POINT('',(594.42127466,473.756923215,35.741995861));
#1686=CARTESIAN_POINT('',(594.718147426,473.958318527,36.400036538));
#1687=CARTESIAN_POINT('',(595.022261527,474.1590808,37.055877834));
#1688=CARTESIAN_POINT('',(595.334358895,474.359139035,37.709296276));
#1689=CARTESIAN_POINT('',(595.646456263,474.55919727,38.362714719));
#1690=CARTESIAN_POINT('',(595.966799976,474.758709946,39.014227654));
#1691=CARTESIAN_POINT('',(596.295316577,474.957012077,39.661672253));
#1692=CARTESIAN_POINT('',(596.952349779,475.353616339,40.956561451));
#1693=CARTESIAN_POINT('',(597.641311342,475.745104693,42.234284108));
#1694=CARTESIAN_POINT('',(598.369742278,476.13021656,43.490801758));
#1695=CARTESIAN_POINT('',(599.098173215,476.515328427,44.747319408));
#1696=CARTESIAN_POINT('',(599.865907637,476.89409125,45.982720977));
#1697=CARTESIAN_POINT('',(600.68460486,477.264567045,47.190759135));
#1698=CARTESIAN_POINT('',(601.093953472,477.449804943,47.794778214));
#1699=CARTESIAN_POINT('',(601.516394891,477.633043352,48.392191519));
#1700=CARTESIAN_POINT('',(601.951097996,477.81279099,48.978147747));
#1701=CARTESIAN_POINT('',(602.385801102,477.992538629,49.564103976));
#1702=CARTESIAN_POINT('',(602.83328427,478.169046931,50.139422991));
#1703=CARTESIAN_POINT('',(603.295513814,478.341810914,50.702470196));
#1704=CARTESIAN_POINT('',(604.219972902,478.68733888,51.828564605));
#1705=CARTESIAN_POINT('',(605.202419031,479.018144755,52.906402172));
#1706=CARTESIAN_POINT('',(606.267315597,479.327957011,53.915643049));
#1707=CARTESIAN_POINT('',(606.79976388,479.482863139,54.420263487));
#1708=CARTESIAN_POINT('',(607.353020144,479.632470938,54.907572264));
#1709=CARTESIAN_POINT('',(607.932190091,479.775473065,55.373323811));
#1710=CARTESIAN_POINT('',(608.221775065,479.846974128,55.606199584));
#1711=CARTESIAN_POINT('',(608.517221286,479.9166393,55.833085104));
#1712=CARTESIAN_POINT('',(608.817167742,479.983845497,56.051953369));
#1713=CARTESIAN_POINT('',(609.117114197,480.051051693,56.270821634));
#1714=CARTESIAN_POINT('',(609.422079627,480.115928131,56.482093174));
#1715=CARTESIAN_POINT('',(609.732529274,480.17825795,56.685064072));
#1716=CARTESIAN_POINT('',(610.353428568,480.302917588,57.091005866));
#1717=CARTESIAN_POINT('',(610.996152853,480.417442917,57.46391436));
#1718=CARTESIAN_POINT('',(611.66555875,480.51957194,57.796440898));
#1719=CARTESIAN_POINT('',(612.334964647,480.621700962,58.128967437));
#1720=CARTESIAN_POINT('',(613.035088884,480.711638101,58.421776286));
#1721=CARTESIAN_POINT('',(613.746331444,480.784043651,58.65749963));
#1722=CARTESIAN_POINT('',(614.457574005,480.856449201,58.893222974));
#1723=CARTESIAN_POINT('',(615.183764083,480.912077546,59.074316231));
#1724=CARTESIAN_POINT('',(615.926794721,480.948799981,59.193861933));
#1725=CARTESIAN_POINT('',(616.29831004,480.967161199,59.253634783));
#1726=CARTESIAN_POINT('',(616.674574242,480.980798531,59.29802881));
#1727=CARTESIAN_POINT('',(617.054213019,480.989349685,59.325865634));
#1728=CARTESIAN_POINT('',(617.433851796,480.99790084,59.353702459));
#1729=CARTESIAN_POINT('',(617.815279847,481.001310135,59.364800754));
#1730=CARTESIAN_POINT('',(618.194978789,480.999547417,59.359062545));
#1731=CARTESIAN_POINT('',(619.713774559,480.992496545,59.336109709));
#1732=CARTESIAN_POINT('',(621.178710587,480.903901888,59.047716154));
#1733=CARTESIAN_POINT('',(622.59882375,480.747464835,58.538412934));
#1734=CARTESIAN_POINT('',(622.95385204,480.708355571,58.411087129));
#1735=CARTESIAN_POINT('',(623.303863837,480.665190283,58.270553345));
#1736=CARTESIAN_POINT('',(623.645772731,480.618808852,58.119544128));
#1737=CARTESIAN_POINT('',(623.987681626,480.572427421,57.968534911));
#1738=CARTESIAN_POINT('',(624.322674897,480.522700508,57.806629182));
#1739=CARTESIAN_POINT('',(624.651452233,480.469967244,57.634929193));
#1740=CARTESIAN_POINT('',(625.309006904,480.364500715,57.291529215));
#1741=CARTESIAN_POINT('',(625.941783633,480.247050303,56.909087386));
#1742=CARTESIAN_POINT('',(626.554044613,480.119682887,56.494317837));
#1743=CARTESIAN_POINT('',(626.860175103,480.05599918,56.286933062));
#1744=CARTESIAN_POINT('',(627.161152988,479.989824752,56.071429069));
#1745=CARTESIAN_POINT('',(627.457391989,479.921360397,55.848457535));
#1746=CARTESIAN_POINT('',(627.753630989,479.852896043,55.625486002));
#1747=CARTESIAN_POINT('',(628.045678853,479.781993507,55.3945643));
#1748=CARTESIAN_POINT('',(628.330953102,479.709598475,55.158770193));
#1749=CARTESIAN_POINT('',(628.901501599,479.564808411,54.68718198));
#1750=CARTESIAN_POINT('',(629.447060982,479.413676326,54.194893605));
#1751=CARTESIAN_POINT('',(629.972442908,479.257429262,53.685889078));
#1752=CARTESIAN_POINT('',(631.023206759,478.944935135,52.667880024));
#1753=CARTESIAN_POINT('',(631.99400328,478.612169897,51.583621319));
#1754=CARTESIAN_POINT('',(632.908150468,478.265086905,50.452417948));
#1755=CARTESIAN_POINT('',(633.365224062,478.091545409,49.886816262));
#1756=CARTESIAN_POINT('',(633.807901836,477.914365054,49.309285047));
#1757=CARTESIAN_POINT('',(634.238072587,477.73402895,48.721387771));
#1758=CARTESIAN_POINT('',(634.668243338,477.553692845,48.133490495));
#1759=CARTESIAN_POINT('',(635.086525062,477.369889236,47.534210333));
#1760=CARTESIAN_POINT('',(635.490808521,477.18470397,46.930338367));
#1761=CARTESIAN_POINT('',(636.299375438,476.814333438,45.722594435));
#1762=CARTESIAN_POINT('',(637.055160371,476.437400451,44.493107582));
#1763=CARTESIAN_POINT('',(637.770884882,476.055527401,43.247105857));
#1764=CARTESIAN_POINT('',(638.486609394,475.673654351,42.001104132));
#1765=CARTESIAN_POINT('',(639.16207636,475.286816291,40.738506467));
#1766=CARTESIAN_POINT('',(639.805358363,474.896049179,39.462628392));
#1767=CARTESIAN_POINT('',(640.448640366,474.505282067,38.186750317));
#1768=CARTESIAN_POINT('',(641.059645532,474.110574262,36.897554053));
#1769=CARTESIAN_POINT('',(641.643873477,473.712638145,35.597296352));
#1770=CARTESIAN_POINT('',(642.812329368,472.916765912,32.996780951));
#1771=CARTESIAN_POINT('',(643.874515592,472.108083819,30.352365799));
#1772=CARTESIAN_POINT('',(644.857808502,471.290217132,27.675260507));
#1773=CARTESIAN_POINT('',(645.841101412,470.472350446,24.998155214));
#1774=CARTESIAN_POINT('',(646.745081573,469.645097938,22.287706428));
#1775=CARTESIAN_POINT('',(647.585436593,468.811104334,19.551760162));
#1776=CARTESIAN_POINT('',(648.425791613,467.97711073,16.815813895));
#1777=CARTESIAN_POINT('',(649.199513819,467.13919259,14.063622073));
#1778=CARTESIAN_POINT('',(649.918517557,466.298502467,11.297952474));
#1779=CARTESIAN_POINT('',(650.637521296,465.457812344,8.532282875));
#1780=CARTESIAN_POINT('',(651.301674941,464.614332131,5.753106555));
#1781=CARTESIAN_POINT('',(651.918949911,463.769029794,2.9622155));
#1782=B_SPLINE_CURVE_WITH_KNOTS('',3,(#1673,#1674,#1675,#1676,#1677,#1678,#1679,#1680,#1681,#1682,#1683,#1684,#1685,#1686,#1687,#1688,#1689,#1690,#1691,#1692,#1693,#1694,#1695,#1696,#1697,#1698,
#1699,#1700,#1701,#1702,#1703,#1704,#1705,#1706,#1707,#1708,#1709,#1710,#1711,#1712,#1713,#1714,#1715,#1716,#1717,#1718,#1719,#1720,#1721,#1722,#1723,
#1724,#1725,#1726,#1727,#1728,#1729,#1730,#1731,#1732,#1733,#1734,#1735,#1736,#1737,#1738,#1739,#1740,#1741,#1742,#1743,#1744,#1745,#1746,#1747,#1748,
#1749,#1750,#1751,#1752,#1753,#1754,#1755,#1756,#1757,#1758,#1759,#1760,#1761,#1762,#1763,#1764,#1765,#1766,#1767,#1768,#1769,#1770,#1771,#1772,#1773,
#1774,#1775,#1776,#1777,#1778,#1779,#1780,#1781),.UNSPECIFIED.,.F.,.F.,(4,3,3,3,3,3,3,3,3,3,3,3,3,3,3,3,3,3,3,3,3,3,3,3,3,3,
3,3,3,3,3,3,3,3,3,3,4),(0.,0.008947677,0.017895355,0.026843032,0.035790709,0.038027628,0.040264548,0.044738386,0.049212225,0.051449144,0.053686064,0.058159902,0.060396822,0.061515281,0.062633741,0.06487066,0.06710758,0.069344499,0.070462959,0.071581418,0.076055257,0.077173717,0.078292176,0.080529096,0.081647555,0.082766015,
0.085002934,0.089476773,0.091713692,0.093950612,0.09842445,0.102898289,0.107372128,0.116319805,0.125267482,0.134215159,0.143162837),.UNSPECIFIED.);
#1783=EDGE_CURVE('',#1665,#306,#1782,.T.);
#1784=ORIENTED_EDGE('',*,*,#1783,.T.);
#1785=ORIENTED_EDGE('',*,*,#433,.T.);
#1786=CARTESIAN_POINT('',(618.,439.,2.9622155));
#1787=DIRECTION('',(-0.,0.,1.));
#1788=DIRECTION('',(1.,0.,0.));
#1789=AXIS2_PLACEMENT_3D('',#1786,#1787,#1788);
#1790=CIRCLE('',#1789,42.);
#1791=EDGE_CURVE('',#1106,#316,#1790,.T.);
#1792=ORIENTED_EDGE('',*,*,#1791,.F.);
#1793=EDGE_LOOP('',(#1112,#1113,#1170,#1179,#1188,#1197,#1221,#1230,#1294,#1295,#1352,#1361,#1379,#1388,#1397,#1406,#1470,#1471,#1528,#1537,#1555,#1564,#1588,#1597,#1661,#1662,
#1663,#1672,#1784,#1785,#1792));
#1794=FACE_BOUND('',#1793,.T.);
#1795=ADVANCED_FACE('',(#1794),#1104,.F.);
#1796=CARTESIAN_POINT('',(618.,393.,2.9622155));
#1797=DIRECTION('',(0.,0.,-1.));
#1798=DIRECTION('',(-1.,0.,-0.));
#1799=AXIS2_PLACEMENT_3D('',#1796,#1797,#1798);
#1800=PLANE('',#1799);
#1801=CARTESIAN_POINT('',(584.218816093,470.22229354,2.9622155));
#1802=VERTEX_POINT('',#1801);
#1803=CARTESIAN_POINT('',(651.781183907,470.22229354,2.9622155));
#1804=CARTESIAN_POINT('',(638.048412763,452.364448185,2.9622155));
#1805=CARTESIAN_POINT('',(618.,452.364448185,2.9622155));
#1806=CARTESIAN_POINT('',(597.951587237,452.364448185,2.9622155));
#1807=CARTESIAN_POINT('',(584.218816093,470.22229354,2.9622155));
#1808=(BOUNDED_CURVE()
B_SPLINE_CURVE(2,(#1803,#1804,#1805,#1806,#1807),.UNSPECIFIED.,.F.,.F.)
B_SPLINE_CURVE_WITH_KNOTS((3,2,3),(133.234071033,180.,226.765928967),.UNSPECIFIED.)
CURVE()
GEOMETRIC_REPRESENTATION_ITEM()
RATIONAL_B_SPLINE_CURVE((1.,0.917872667,1.,0.917872667,1.))
REPRESENTATION_ITEM(''));
#1809=EDGE_CURVE('',#63,#1802,#1808,.T.);
#1810=ORIENTED_EDGE('',*,*,#1809,.F.);
#1811=ORIENTED_EDGE('',*,*,#181,.F.);
#1812=CARTESIAN_POINT('',(618.,393.,2.9622155));
#1813=VERTEX_POINT('',#1812);
#1814=CARTESIAN_POINT('',(618.,439.,2.9622155));
#1815=DIRECTION('',(-0.,0.,1.));
#1816=DIRECTION('',(1.,0.,0.));
#1817=AXIS2_PLACEMENT_3D('',#1814,#1815,#1816);
#1818=CIRCLE('',#1817,46.);
#1819=EDGE_CURVE('',#1813,#167,#1818,.T.);
#1820=ORIENTED_EDGE('',*,*,#1819,.F.);
#1821=CARTESIAN_POINT('',(618.,439.,2.9622155));
#1822=DIRECTION('',(-0.,0.,1.));
#1823=DIRECTION('',(1.,0.,0.));
#1824=AXIS2_PLACEMENT_3D('',#1821,#1822,#1823);
#1825=CIRCLE('',#1824,46.);
#1826=EDGE_CURVE('',#1802,#1813,#1825,.T.);
#1827=ORIENTED_EDGE('',*,*,#1826,.F.);
#1828=EDGE_LOOP('',(#1810,#1811,#1820,#1827));
#1829=FACE_BOUND('',#1828,.T.);
#1830=ORIENTED_EDGE('',*,*,#1671,.T.);
#1831=ORIENTED_EDGE('',*,*,#1791,.T.);
#1832=ORIENTED_EDGE('',*,*,#321,.F.);
#1833=CARTESIAN_POINT('',(584.081050089,463.769029794,2.9622155));
#1834=CARTESIAN_POINT('',(618.,426.016350438,2.9622155));
#1835=CARTESIAN_POINT('',(651.918949911,463.769029794,2.9622155));
#1836=(BOUNDED_CURVE()
B_SPLINE_CURVE(2,(#1833,#1834,#1835),.UNSPECIFIED.,.F.,.F.)
B_SPLINE_CURVE_WITH_KNOTS((3,3),(137.685912028,222.314087972),.UNSPECIFIED.)
CURVE()
GEOMETRIC_REPRESENTATION_ITEM()
RATIONAL_B_SPLINE_CURVE((1.,0.739465591,1.))
REPRESENTATION_ITEM(''));
#1837=EDGE_CURVE('',#1665,#308,#1836,.T.);
#1838=ORIENTED_EDGE('',*,*,#1837,.F.);
#1839=EDGE_LOOP('',(#1830,#1831,#1832,#1838));
#1840=FACE_BOUND('',#1839,.T.);
#1841=ADVANCED_FACE('',(#1829,#1840),#1800,.T.);
#1842=CARTESIAN_POINT('',(618.,439.,4.4622155));
#1843=DIRECTION('',(-0.,0.,1.));
#1844=DIRECTION('',(0.,-1.,0.));
#1845=AXIS2_PLACEMENT_3D('',#1842,#1843,#1844);
#1846=CYLINDRICAL_SURFACE('',#1845,46.);
#1847=CARTESIAN_POINT('',(618.,393.,5.9622155));
#1848=VERTEX_POINT('',#1847);
#1849=CARTESIAN_POINT('',(618.,393.,5.9622155));
#1850=DIRECTION('',(0.,-0.,-1.));
#1851=VECTOR('',#1850,3.);
#1852=LINE('',#1849,#1851);
#1853=EDGE_CURVE('',#1848,#1813,#1852,.T.);
#1854=ORIENTED_EDGE('',*,*,#1853,.T.);
#1855=ORIENTED_EDGE('',*,*,#1819,.T.);
#1856=ORIENTED_EDGE('',*,*,#173,.T.);
#1857=CARTESIAN_POINT('',(618.,439.,5.9622155));
#1858=DIRECTION('',(-0.,0.,1.));
#1859=DIRECTION('',(1.,0.,0.));
#1860=AXIS2_PLACEMENT_3D('',#1857,#1858,#1859);
#1861=CIRCLE('',#1860,46.);
#1862=EDGE_CURVE('',#1848,#152,#1861,.T.);
#1863=ORIENTED_EDGE('',*,*,#1862,.F.);
#1864=EDGE_LOOP('',(#1854,#1855,#1856,#1863));
#1865=FACE_BOUND('',#1864,.T.);
#1866=ADVANCED_FACE('',(#1865),#1846,.T.);
#1867=CARTESIAN_POINT('',(618.,439.,8.9622155));
#1868=DIRECTION('',(-0.,0.,1.));
#1869=DIRECTION('',(0.,-1.,0.));
#1870=AXIS2_PLACEMENT_3D('',#1867,#1868,#1869);
#1871=TOROIDAL_SURFACE('',#1870,51.625,6.375);
#1872=CARTESIAN_POINT('',(618.,393.75,8.9622155));
#1873=VERTEX_POINT('',#1872);
#1874=CARTESIAN_POINT('',(618.,387.375,8.9622155));
#1875=DIRECTION('',(1.,0.,0.));
#1876=DIRECTION('',(0.,-1.,0.));
#1877=AXIS2_PLACEMENT_3D('',#1874,#1875,#1876);
#1878=CIRCLE('',#1877,6.375);
#1879=EDGE_CURVE('',#1848,#1873,#1878,.T.);
#1880=ORIENTED_EDGE('',*,*,#1879,.F.);
#1881=ORIENTED_EDGE('',*,*,#1862,.T.);
#1882=ORIENTED_EDGE('',*,*,#164,.T.);
#1883=CARTESIAN_POINT('',(618.,439.,8.9622155));
#1884=DIRECTION('',(-0.,0.,1.));
#1885=DIRECTION('',(1.,0.,0.));
#1886=AXIS2_PLACEMENT_3D('',#1883,#1884,#1885);
#1887=CIRCLE('',#1886,45.25);
#1888=EDGE_CURVE('',#1873,#128,#1887,.T.);
#1889=ORIENTED_EDGE('',*,*,#1888,.F.);
#1890=EDGE_LOOP('',(#1880,#1881,#1882,#1889));
#1891=FACE_BOUND('',#1890,.T.);
#1892=ADVANCED_FACE('',(#1891),#1871,.F.);
#1893=CARTESIAN_POINT('',(618.,439.,8.9622155));
#1894=DIRECTION('',(-0.,0.,1.));
#1895=DIRECTION('',(0.,-1.,0.));
#1896=AXIS2_PLACEMENT_3D('',#1893,#1894,#1895);
#1897=TOROIDAL_SURFACE('',#1896,68.256578947,23.006578947);
#1898=CARTESIAN_POINT('',(618.,370.743421053,8.9622155));
#1899=DIRECTION('',(1.,0.,0.));
#1900=DIRECTION('',(0.,-1.,0.));
#1901=AXIS2_PLACEMENT_3D('',#1898,#1899,#1900);
#1902=CIRCLE('',#1901,23.006578947);
#1903=EDGE_CURVE('',#1873,#446,#1902,.T.);
#1904=ORIENTED_EDGE('',*,*,#1903,.F.);
#1905=ORIENTED_EDGE('',*,*,#1888,.T.);
#1906=ORIENTED_EDGE('',*,*,#149,.T.);
#1907=ORIENTED_EDGE('',*,*,#458,.F.);
#1908=EDGE_LOOP('',(#1904,#1905,#1906,#1907));
#1909=FACE_BOUND('',#1908,.T.);
#1910=ADVANCED_FACE('',(#1909),#1897,.F.);
#1911=CARTESIAN_POINT('',(0.,0.,65.));
#1912=DIRECTION('',(0.,0.,1.));
#1913=DIRECTION('',(1.,0.,0.));
#1914=AXIS2_PLACEMENT_3D('',#1911,#1912,#1913);
#1915=PLANE('',#1914);
#1916=ORIENTED_EDGE('',*,*,#911,.F.);
#1917=CARTESIAN_POINT('',(661.32272615,464.012387605,65.));
#1918=VERTEX_POINT('',#1917);
#1919=CARTESIAN_POINT('',(641.483029241,452.557933253,65.));
#1920=DIRECTION('',(-0.,0.,-1.));
#1921=DIRECTION('',(0.866025404,0.5,0.));
#1922=AXIS2_PLACEMENT_3D('',#1919,#1920,#1921);
#1923=ELLIPSE('',#1922,22.908908703,18.632454463);
#1924=EDGE_CURVE('',#836,#1918,#1923,.T.);
#1925=ORIENTED_EDGE('',*,*,#1924,.T.);
#1926=CARTESIAN_POINT('',(641.483029241,452.557933253,65.));
#1927=DIRECTION('',(-0.,0.,-1.));
#1928=DIRECTION('',(0.866025404,0.5,0.));
#1929=AXIS2_PLACEMENT_3D('',#1926,#1927,#1928);
#1930=ELLIPSE('',#1929,22.908908703,18.632454463);
#1931=EDGE_CURVE('',#1918,#905,#1930,.T.);
#1932=ORIENTED_EDGE('',*,*,#1931,.T.);
#1933=EDGE_LOOP('',(#1916,#1925,#1932));
#1934=FACE_BOUND('',#1933,.T.);
#1935=ADVANCED_FACE('',(#1934),#1915,.F.);
#1936=CARTESIAN_POINT('',(618.,391.,134.632223909));
#1937=DIRECTION('',(0.,0.,1.));
#1938=DIRECTION('',(1.,0.,0.));
#1939=AXIS2_PLACEMENT_3D('',#1936,#1937,#1938);
#1940=PLANE('',#1939);
#1941=CARTESIAN_POINT('',(570.374316101,444.982828189,134.632223909));
#1942=VERTEX_POINT('',#1941);
#1943=CARTESIAN_POINT('',(570.374316101,444.982828189,134.632223909));
#1944=CARTESIAN_POINT('',(569.345192448,444.604844092,134.632223909));
#1945=CARTESIAN_POINT('',(568.280582942,444.289571576,134.632223909));
#1946=(BOUNDED_CURVE()
B_SPLINE_CURVE(2,(#1943,#1944,#1945),.UNSPECIFIED.,.F.,.F.)
B_SPLINE_CURVE_WITH_KNOTS((3,3),(214.153664376,217.665450172),.UNSPECIFIED.)
CURVE()
GEOMETRIC_REPRESENTATION_ITEM()
RATIONAL_B_SPLINE_CURVE((1.,0.999530445,1.))
REPRESENTATION_ITEM(''));
#1947=EDGE_CURVE('',#1942,#629,#1946,.T.);
#1948=ORIENTED_EDGE('',*,*,#1947,.T.);
#1949=ORIENTED_EDGE('',*,*,#635,.T.);
#1950=CARTESIAN_POINT('',(599.368439248,394.763533776,134.632223909));
#1951=VERTEX_POINT('',#1950);
#1952=CARTESIAN_POINT('',(597.721194831,393.296935979,134.632223909));
#1953=CARTESIAN_POINT('',(598.526533593,394.061278598,134.632223909));
#1954=CARTESIAN_POINT('',(599.368439248,394.763533776,134.632223909));
#1955=(BOUNDED_CURVE()
B_SPLINE_CURVE(2,(#1952,#1953,#1954),.UNSPECIFIED.,.F.,.F.)
B_SPLINE_CURVE_WITH_KNOTS((3,3),(322.334549828,325.846335624),.UNSPECIFIED.)
CURVE()
GEOMETRIC_REPRESENTATION_ITEM()
RATIONAL_B_SPLINE_CURVE((1.,0.999530445,1.))
REPRESENTATION_ITEM(''));
#1956=EDGE_CURVE('',#617,#1951,#1955,.T.);
#1957=ORIENTED_EDGE('',*,*,#1956,.T.);
#1958=CARTESIAN_POINT('',(576.430780618,415.,134.632223909));
#1959=VERTEX_POINT('',#1958);
#1960=CARTESIAN_POINT('',(618.,439.,134.632223909));
#1961=DIRECTION('',(0.,0.,1.));
#1962=DIRECTION('',(1.,0.,-0.));
#1963=AXIS2_PLACEMENT_3D('',#1960,#1961,#1962);
#1964=CIRCLE('',#1963,48.);
#1965=EDGE_CURVE('',#1959,#1951,#1964,.T.);
#1966=ORIENTED_EDGE('',*,*,#1965,.F.);
#1967=CARTESIAN_POINT('',(618.,439.,134.632223909));
#1968=DIRECTION('',(0.,0.,1.));
#1969=DIRECTION('',(1.,0.,-0.));
#1970=AXIS2_PLACEMENT_3D('',#1967,#1968,#1969);
#1971=CIRCLE('',#1970,48.);
#1972=EDGE_CURVE('',#1942,#1959,#1971,.T.);
#1973=ORIENTED_EDGE('',*,*,#1972,.F.);
#1974=EDGE_LOOP('',(#1948,#1949,#1957,#1966,#1973));
#1975=FACE_BOUND('',#1974,.T.);
#1976=ADVANCED_FACE('',(#1975),#1940,.T.);
#1977=CARTESIAN_POINT('',(618.,372.921003801,124.539630486));
#1978=DIRECTION('',(0.,-0.573576436,0.819152044));
#1979=DIRECTION('',(0.,0.819152044,0.573576436));
#1980=AXIS2_PLACEMENT_3D('',#1977,#1978,#1979);
#1981=CONICAL_SURFACE('',#1980,30.856337725,9.648045316);
#1982=CARTESIAN_POINT('',(598.958348097,398.11112025,125.669122202));
#1983=VERTEX_POINT('',#1982);
#1984=CARTESIAN_POINT('',(599.368439248,394.763533776,134.632223909));
#1985=CARTESIAN_POINT('',(599.604556145,395.549863909,133.229771103));
#1986=CARTESIAN_POINT('',(599.670914595,396.218064372,131.776699136));
#1987=CARTESIAN_POINT('',(599.592653485,396.77793813,130.27726253));
#1988=CARTESIAN_POINT('',(599.573088207,396.917906569,129.902403378));
#1989=CARTESIAN_POINT('',(599.544499163,397.050987435,129.524597129));
#1990=CARTESIAN_POINT('',(599.5072985,397.177102322,129.143812746));
#1991=CARTESIAN_POINT('',(599.470097836,397.303217209,128.763028362));
#1992=CARTESIAN_POINT('',(599.424190737,397.422553621,128.378607906));
#1993=CARTESIAN_POINT('',(599.370306513,397.534300621,127.992711183));
#1994=CARTESIAN_POINT('',(599.262538065,397.757794622,127.220917735));
#1995=CARTESIAN_POINT('',(599.12354401,397.950168979,126.446704545));
#1996=CARTESIAN_POINT('',(598.958348097,398.11112025,125.669122202));
#1997=B_SPLINE_CURVE_WITH_KNOTS('',3,(#1984,#1985,#1986,#1987,#1988,#1989,#1990,#1991,#1992,#1993,#1994,#1995,#1996),.UNSPECIFIED.,.F.,.F.,(4,3,3,3,4),(0.,0.004796412,0.005995515,0.007194618,0.009592824),.UNSPECIFIED.);
#1998=EDGE_CURVE('',#1951,#1983,#1997,.T.);
#1999=ORIENTED_EDGE('',*,*,#1998,.F.);
#2000=ORIENTED_EDGE('',*,*,#1956,.F.);
#2001=ORIENTED_EDGE('',*,*,#626,.F.);
#2002=CARTESIAN_POINT('',(618.,380.677610891,113.462047531));
#2003=DIRECTION('',(-0.,0.573576436,-0.819152044));
#2004=DIRECTION('',(0.,-0.819152044,-0.573576436));
#2005=AXIS2_PLACEMENT_3D('',#2002,#2003,#2004);
#2006=CIRCLE('',#2005,28.557388323);
#2007=EDGE_CURVE('',#542,#1983,#2006,.T.);
#2008=ORIENTED_EDGE('',*,*,#2007,.T.);
#2009=EDGE_LOOP('',(#1999,#2000,#2001,#2008));
#2010=FACE_BOUND('',#2009,.T.);
#2011=ADVANCED_FACE('',(#2010),#1981,.F.);
#2012=CARTESIAN_POINT('',(618.,400.746835976,127.514670222));
#2013=DIRECTION('',(0.,0.573576436,-0.819152044));
#2014=DIRECTION('',(-1.,0.,0.));
#2015=AXIS2_PLACEMENT_3D('',#2012,#2013,#2014);
#2016=PLANE('',#2015);
#2017=CARTESIAN_POINT('',(599.734948209,398.660047163,126.053484964));
#2018=VERTEX_POINT('',#2017);
#2019=CARTESIAN_POINT('',(603.789713119,397.026171471,124.909432888));
#2020=VERTEX_POINT('',#2019);
#2021=CARTESIAN_POINT('',(599.734948209,398.660047163,126.053484964));
#2022=CARTESIAN_POINT('',(601.721227086,397.74110428,125.410034231));
#2023=CARTESIAN_POINT('',(603.789709208,397.026162668,124.909426724));
#2024=(BOUNDED_CURVE()
B_SPLINE_CURVE(2,(#2021,#2022,#2023),.UNSPECIFIED.,.F.,.F.)
B_SPLINE_CURVE_WITH_KNOTS((3,3),(335.172593936,340.933014651),.UNSPECIFIED.)
CURVE()
GEOMETRIC_REPRESENTATION_ITEM()
RATIONAL_B_SPLINE_CURVE((1.,0.998736772,1.))
REPRESENTATION_ITEM(''));
#2025=EDGE_CURVE('',#2018,#2020,#2024,.T.);
#2026=ORIENTED_EDGE('',*,*,#2025,.F.);
#2027=CARTESIAN_POINT('',(618.,380.677610891,113.462047531));
#2028=DIRECTION('',(0.,-0.573576436,0.819152044));
#2029=DIRECTION('',(0.,-0.819152044,-0.573576436));
#2030=AXIS2_PLACEMENT_3D('',#2027,#2028,#2029);
#2031=CIRCLE('',#2030,28.557388323);
#2032=EDGE_CURVE('',#2018,#1983,#2031,.T.);
#2033=ORIENTED_EDGE('',*,*,#2032,.T.);
#2034=ORIENTED_EDGE('',*,*,#2007,.F.);
#2035=CARTESIAN_POINT('',(618.,357.284767867,97.082202506));
#2036=VERTEX_POINT('',#2035);
#2037=CARTESIAN_POINT('',(618.,380.677610891,113.462047531));
#2038=DIRECTION('',(0.,-0.573576436,0.819152044));
#2039=DIRECTION('',(0.,-0.819152044,-0.573576436));
#2040=AXIS2_PLACEMENT_3D('',#2037,#2038,#2039);
#2041=CIRCLE('',#2040,28.557388323);
#2042=EDGE_CURVE('',#542,#2036,#2041,.T.);
#2043=ORIENTED_EDGE('',*,*,#2042,.T.);
#2044=CARTESIAN_POINT('',(618.,380.677610891,113.462047531));
#2045=DIRECTION('',(0.,-0.573576436,0.819152044));
#2046=DIRECTION('',(0.,-0.819152044,-0.573576436));
#2047=AXIS2_PLACEMENT_3D('',#2044,#2045,#2046);
#2048=CIRCLE('',#2047,28.557388323);
#2049=EDGE_CURVE('',#2036,#1010,#2048,.T.);
#2050=ORIENTED_EDGE('',*,*,#2049,.T.);
#2051=CARTESIAN_POINT('',(637.041651903,398.11112025,125.669122202));
#2052=VERTEX_POINT('',#2051);
#2053=CARTESIAN_POINT('',(618.,380.677610891,113.462047531));
#2054=DIRECTION('',(-0.,0.573576436,-0.819152044));
#2055=DIRECTION('',(0.,-0.819152044,-0.573576436));
#2056=AXIS2_PLACEMENT_3D('',#2053,#2054,#2055);
#2057=CIRCLE('',#2056,28.557388323);
#2058=EDGE_CURVE('',#2052,#1010,#2057,.T.);
#2059=ORIENTED_EDGE('',*,*,#2058,.F.);
#2060=CARTESIAN_POINT('',(636.265049247,398.660045986,126.05348414));
#2061=VERTEX_POINT('',#2060);
#2062=CARTESIAN_POINT('',(618.,380.677610891,113.462047531));
#2063=DIRECTION('',(0.,-0.573576436,0.819152044));
#2064=DIRECTION('',(0.,-0.819152044,-0.573576436));
#2065=AXIS2_PLACEMENT_3D('',#2062,#2063,#2064);
#2066=CIRCLE('',#2065,28.557388323);
#2067=EDGE_CURVE('',#2052,#2061,#2066,.T.);
#2068=ORIENTED_EDGE('',*,*,#2067,.T.);
#2069=CARTESIAN_POINT('',(632.210286376,397.02617124,124.909432726));
#2070=VERTEX_POINT('',#2069);
#2071=CARTESIAN_POINT('',(632.210290792,397.026162668,124.909426724));
#2072=CARTESIAN_POINT('',(634.278772914,397.74110428,125.410034231));
#2073=CARTESIAN_POINT('',(636.265051791,398.660047163,126.053484964));
#2074=(BOUNDED_CURVE()
B_SPLINE_CURVE(2,(#2071,#2072,#2073),.UNSPECIFIED.,.F.,.F.)
B_SPLINE_CURVE_WITH_KNOTS((3,3),(19.066985349,24.827406064),.UNSPECIFIED.)
CURVE()
GEOMETRIC_REPRESENTATION_ITEM()
RATIONAL_B_SPLINE_CURVE((1.,0.998736772,1.))
REPRESENTATION_ITEM(''));
#2075=EDGE_CURVE('',#2070,#2061,#2074,.T.);
#2076=ORIENTED_EDGE('',*,*,#2075,.F.);
#2077=CARTESIAN_POINT('',(618.,360.608385806,99.40942484));
#2078=VERTEX_POINT('',#2077);
#2079=CARTESIAN_POINT('',(618.,380.677610891,113.462047531));
#2080=DIRECTION('',(0.,-0.573576436,0.819152044));
#2081=DIRECTION('',(0.,-0.819152044,-0.573576436));
#2082=AXIS2_PLACEMENT_3D('',#2079,#2080,#2081);
#2083=CIRCLE('',#2082,24.5);
#2084=EDGE_CURVE('',#2078,#2070,#2083,.T.);
#2085=ORIENTED_EDGE('',*,*,#2084,.F.);
#2086=CARTESIAN_POINT('',(618.,380.677610891,113.462047531));
#2087=DIRECTION('',(0.,-0.573576436,0.819152044));
#2088=DIRECTION('',(0.,-0.819152044,-0.573576436));
#2089=AXIS2_PLACEMENT_3D('',#2086,#2087,#2088);
#2090=CIRCLE('',#2089,24.5);
#2091=EDGE_CURVE('',#2020,#2078,#2090,.T.);
#2092=ORIENTED_EDGE('',*,*,#2091,.F.);
#2093=EDGE_LOOP('',(#2026,#2033,#2034,#2043,#2050,#2059,#2068,#2076,#2085,#2092));
#2094=FACE_BOUND('',#2093,.T.);
#2095=ADVANCED_FACE('',(#2094),#2016,.F.);
#2096=CARTESIAN_POINT('',(618.,372.921003801,124.539630486));
#2097=DIRECTION('',(0.,-0.573576436,0.819152044));
#2098=DIRECTION('',(0.,0.819152044,0.573576436));
#2099=AXIS2_PLACEMENT_3D('',#2096,#2097,#2098);
#2100=CONICAL_SURFACE('',#2099,30.856337725,9.648045316);
#2101=ORIENTED_EDGE('',*,*,#1019,.F.);
#2102=CARTESIAN_POINT('',(636.631560752,394.763533776,134.632223909));
#2103=VERTEX_POINT('',#2102);
#2104=CARTESIAN_POINT('',(636.631560752,394.763533776,134.632223909));
#2105=CARTESIAN_POINT('',(637.473466407,394.061278598,134.632223909));
#2106=CARTESIAN_POINT('',(638.278805169,393.296935979,134.632223909));
#2107=(BOUNDED_CURVE()
B_SPLINE_CURVE(2,(#2104,#2105,#2106),.UNSPECIFIED.,.F.,.F.)
B_SPLINE_CURVE_WITH_KNOTS((3,3),(34.153664376,37.665450172),.UNSPECIFIED.)
CURVE()
GEOMETRIC_REPRESENTATION_ITEM()
RATIONAL_B_SPLINE_CURVE((1.,0.999530445,1.))
REPRESENTATION_ITEM(''));
#2108=EDGE_CURVE('',#2103,#1001,#2107,.T.);
#2109=ORIENTED_EDGE('',*,*,#2108,.F.);
#2110=CARTESIAN_POINT('',(637.041651903,398.11112025,125.669122202));
#2111=CARTESIAN_POINT('',(636.711724115,397.789669823,127.222102644));
#2112=CARTESIAN_POINT('',(636.489208523,397.347802484,128.746339467));
#2113=CARTESIAN_POINT('',(636.408970419,396.789395452,130.246529917));
#2114=CARTESIAN_POINT('',(636.388910893,396.649793694,130.621577529));
#2115=CARTESIAN_POINT('',(636.377787516,396.502779668,130.995084589));
#2116=CARTESIAN_POINT('',(636.376226057,396.348154055,131.367047606));
#2117=CARTESIAN_POINT('',(636.374664597,396.193528442,131.739010623));
#2118=CARTESIAN_POINT('',(636.382707181,396.030944403,132.110173603));
#2119=CARTESIAN_POINT('',(636.40086682,395.861263794,132.477979324));
#2120=CARTESIAN_POINT('',(636.4371861,395.521902575,133.213590766));
#2121=CARTESIAN_POINT('',(636.513643513,395.156228579,133.931836242));
#2122=CARTESIAN_POINT('',(636.631560752,394.763533776,134.632223909));
#2123=B_SPLINE_CURVE_WITH_KNOTS('',3,(#2110,#2111,#2112,#2113,#2114,#2115,#2116,#2117,#2118,#2119,#2120,#2121,#2122),.UNSPECIFIED.,.F.,.F.,(4,3,3,3,4),(0.,0.004799812,0.005999765,0.007199718,0.009599624),.UNSPECIFIED.);
#2124=EDGE_CURVE('',#2052,#2103,#2123,.T.);
#2125=ORIENTED_EDGE('',*,*,#2124,.F.);
#2126=ORIENTED_EDGE('',*,*,#2058,.T.);
#2127=EDGE_LOOP('',(#2101,#2109,#2125,#2126));
#2128=FACE_BOUND('',#2127,.T.);
#2129=ADVANCED_FACE('',(#2128),#2100,.F.);
#2130=CARTESIAN_POINT('',(618.,439.,123.514670222));
#2131=DIRECTION('',(0.,0.,1.));
#2132=DIRECTION('',(1.,0.,-0.));
#2133=AXIS2_PLACEMENT_3D('',#2130,#2131,#2132);
#2134=TOROIDAL_SURFACE('',#2133,67.1,22.1);
#2135=CARTESIAN_POINT('',(663.,439.,123.514670222));
#2136=VERTEX_POINT('',#2135);
#2137=CARTESIAN_POINT('',(666.,439.,134.632223909));
#2138=VERTEX_POINT('',#2137);
#2139=CARTESIAN_POINT('',(685.1,439.,123.514670222));
#2140=DIRECTION('',(-0.,1.,-0.));
#2141=DIRECTION('',(1.,0.,0.));
#2142=AXIS2_PLACEMENT_3D('',#2139,#2140,#2141);
#2143=CIRCLE('',#2142,22.1);
#2144=EDGE_CURVE('',#2136,#2138,#2143,.T.);
#2145=ORIENTED_EDGE('',*,*,#2144,.T.);
#2146=CARTESIAN_POINT('',(665.625683899,444.982828189,134.632223909));
#2147=VERTEX_POINT('',#2146);
#2148=CARTESIAN_POINT('',(618.,439.,134.632223909));
#2149=DIRECTION('',(0.,0.,1.));
#2150=DIRECTION('',(1.,0.,-0.));
#2151=AXIS2_PLACEMENT_3D('',#2148,#2149,#2150);
#2152=CIRCLE('',#2151,48.);
#2153=EDGE_CURVE('',#2138,#2147,#2152,.T.);
#2154=ORIENTED_EDGE('',*,*,#2153,.T.);
#2155=CARTESIAN_POINT('',(662.931634547,442.953885596,125.669122202));
#2156=VERTEX_POINT('',#2155);
#2157=CARTESIAN_POINT('',(665.625683899,444.982828189,134.632223909));
#2158=CARTESIAN_POINT('',(664.82664358,444.794146353,133.229771103));
#2159=CARTESIAN_POINT('',(664.214785779,444.517514225,131.776699136));
#2160=CARTESIAN_POINT('',(663.769051437,444.169801237,130.27726253));
#2161=CARTESIAN_POINT('',(663.657617852,444.08287299,129.902403378));
#2162=CARTESIAN_POINT('',(663.556660964,443.991573718,129.524597129));
#2163=CARTESIAN_POINT('',(663.466042599,443.896299555,129.143812746));
#2164=CARTESIAN_POINT('',(663.375424235,443.801025392,128.763028362));
#2165=CARTESIAN_POINT('',(663.29502942,443.701600471,128.378607906));
#2166=CARTESIAN_POINT('',(663.225195791,443.599061865,127.992711183));
#2167=CARTESIAN_POINT('',(663.085528533,443.393984651,127.220917735));
#2168=CARTESIAN_POINT('',(662.98842448,443.17742509,126.446704545));
#2169=CARTESIAN_POINT('',(662.931634547,442.953885596,125.669122202));
#2170=B_SPLINE_CURVE_WITH_KNOTS('',3,(#2157,#2158,#2159,#2160,#2161,#2162,#2163,#2164,#2165,#2166,#2167,#2168,#2169),.UNSPECIFIED.,.F.,.F.,(4,3,3,3,4),(0.,0.004796412,0.005995515,0.007194618,0.009592824),.UNSPECIFIED.);
#2171=EDGE_CURVE('',#2147,#2156,#2170,.T.);
#2172=ORIENTED_EDGE('',*,*,#2171,.T.);
#2173=CARTESIAN_POINT('',(662.877128579,442.323150692,123.514670222));
#2174=VERTEX_POINT('',#2173);
#2175=CARTESIAN_POINT('',(662.931634547,442.953885596,125.669122202));
#2176=CARTESIAN_POINT('',(662.879168836,442.747367328,124.950748206));
#2177=CARTESIAN_POINT('',(662.861374877,442.535894855,124.23294743));
#2178=CARTESIAN_POINT('',(662.877128579,442.323150692,123.514670222));
#2179=B_SPLINE_CURVE_WITH_KNOTS('',3,(#2175,#2176,#2177,#2178),.UNSPECIFIED.,.F.,.F.,(4,4),(0.,0.002245542),.UNSPECIFIED.);
#2180=EDGE_CURVE('',#2156,#2174,#2179,.T.);
#2181=ORIENTED_EDGE('',*,*,#2180,.T.);
#2182=CARTESIAN_POINT('',(618.,439.,123.514670222));
#2183=DIRECTION('',(0.,0.,1.));
#2184=DIRECTION('',(1.,0.,-0.));
#2185=AXIS2_PLACEMENT_3D('',#2182,#2183,#2184);
#2186=CIRCLE('',#2185,45.);
#2187=EDGE_CURVE('',#2136,#2174,#2186,.T.);
#2188=ORIENTED_EDGE('',*,*,#2187,.F.);
#2189=EDGE_LOOP('',(#2145,#2154,#2172,#2181,#2188));
#2190=FACE_BOUND('',#2189,.T.);
#2191=ADVANCED_FACE('',(#2190),#2134,.T.);
#2192=CARTESIAN_POINT('',(618.,391.,134.632223909));
#2193=DIRECTION('',(0.,0.,1.));
#2194=DIRECTION('',(1.,0.,0.));
#2195=AXIS2_PLACEMENT_3D('',#2192,#2193,#2194);
#2196=PLANE('',#2195);
#2197=CARTESIAN_POINT('',(667.719417058,444.289571576,134.632223909));
#2198=CARTESIAN_POINT('',(666.654807552,444.604844092,134.632223909));
#2199=CARTESIAN_POINT('',(665.625683899,444.982828189,134.632223909));
#2200=(BOUNDED_CURVE()
B_SPLINE_CURVE(2,(#2197,#2198,#2199),.UNSPECIFIED.,.F.,.F.)
B_SPLINE_CURVE_WITH_KNOTS((3,3),(142.334549828,145.846335624),.UNSPECIFIED.)
CURVE()
GEOMETRIC_REPRESENTATION_ITEM()
RATIONAL_B_SPLINE_CURVE((1.,0.999530445,1.))
REPRESENTATION_ITEM(''));
#2201=EDGE_CURVE('',#989,#2147,#2200,.T.);
#2202=ORIENTED_EDGE('',*,*,#2201,.T.);
#2203=ORIENTED_EDGE('',*,*,#2153,.F.);
#2204=CARTESIAN_POINT('',(618.,439.,134.632223909));
#2205=DIRECTION('',(0.,0.,1.));
#2206=DIRECTION('',(1.,0.,-0.));
#2207=AXIS2_PLACEMENT_3D('',#2204,#2205,#2206);
#2208=CIRCLE('',#2207,48.);
#2209=EDGE_CURVE('',#2103,#2138,#2208,.T.);
#2210=ORIENTED_EDGE('',*,*,#2209,.F.);
#2211=ORIENTED_EDGE('',*,*,#2108,.T.);
#2212=ORIENTED_EDGE('',*,*,#1007,.T.);
#2213=EDGE_LOOP('',(#2202,#2203,#2210,#2211,#2212));
#2214=FACE_BOUND('',#2213,.T.);
#2215=ADVANCED_FACE('',(#2214),#2196,.T.);
#2216=CARTESIAN_POINT('',(675.226089365,472.0394981,124.539630486));
#2217=DIRECTION('',(0.496731765,0.286788218,0.819152044));
#2218=DIRECTION('',(-0.70940648,-0.409576022,0.573576436));
#2219=AXIS2_PLACEMENT_3D('',#2216,#2217,#2218);
#2220=CONICAL_SURFACE('',#2219,30.856337725,9.648045316);
#2221=ORIENTED_EDGE('',*,*,#833,.F.);
#2222=CARTESIAN_POINT('',(646.994123147,477.253638035,134.632223909));
#2223=VERTEX_POINT('',#2222);
#2224=CARTESIAN_POINT('',(646.994123147,477.253638035,134.632223909));
#2225=CARTESIAN_POINT('',(647.181341144,478.33387731,134.632223909));
#2226=CARTESIAN_POINT('',(647.440611889,479.413492445,134.632223909));
#2227=(BOUNDED_CURVE()
B_SPLINE_CURVE(2,(#2224,#2225,#2226),.UNSPECIFIED.,.F.,.F.)
B_SPLINE_CURVE_WITH_KNOTS((3,3),(214.153664376,217.665450172),.UNSPECIFIED.)
CURVE()
GEOMETRIC_REPRESENTATION_ITEM()
RATIONAL_B_SPLINE_CURVE((1.,0.999530445,1.))
REPRESENTATION_ITEM(''));
#2228=EDGE_CURVE('',#2223,#815,#2227,.T.);
#2229=ORIENTED_EDGE('',*,*,#2228,.F.);
#2230=CARTESIAN_POINT('',(643.889982644,475.934994153,125.669122202));
#2231=VERTEX_POINT('',#2230);
#2232=CARTESIAN_POINT('',(643.889982644,475.934994153,125.669122202));
#2233=CARTESIAN_POINT('',(644.333330774,475.809993521,127.222102644));
#2234=CARTESIAN_POINT('',(644.827256911,475.838223035,128.746339467));
#2235=CARTESIAN_POINT('',(645.350970639,476.047938314,130.246529917));
#2236=CARTESIAN_POINT('',(645.481899071,476.100367134,130.621577529));
#2237=CARTESIAN_POINT('',(645.61477864,476.164241021,130.995084589));
#2238=CARTESIAN_POINT('',(645.749469078,476.240201564,131.367047606));
#2239=CARTESIAN_POINT('',(645.884159517,476.316162106,131.739010623));
#2240=CARTESIAN_POINT('',(646.020940133,476.404419207,132.110173603));
#2241=CARTESIAN_POINT('',(646.158808032,476.504986221,132.477979324));
#2242=CARTESIAN_POINT('',(646.434543829,476.706120249,133.213590766));
#2243=CARTESIAN_POINT('',(646.712998092,476.955171309,133.931836242));
#2244=CARTESIAN_POINT('',(646.994123147,477.253638035,134.632223909));
#2245=B_SPLINE_CURVE_WITH_KNOTS('',3,(#2232,#2233,#2234,#2235,#2236,#2237,#2238,#2239,#2240,#2241,#2242,#2243,#2244),.UNSPECIFIED.,.F.,.F.,(4,3,3,3,4),(0.,0.004799812,0.005999765,0.007199718,0.009599624),.UNSPECIFIED.);
#2246=EDGE_CURVE('',#2231,#2223,#2245,.T.);
#2247=ORIENTED_EDGE('',*,*,#2246,.F.);
#2248=CARTESIAN_POINT('',(668.508670578,468.161194554,113.462047531));
#2249=DIRECTION('',(-0.496731765,-0.286788218,-0.819152044));
#2250=DIRECTION('',(0.855070113,0.,-0.518512393));
#2251=AXIS2_PLACEMENT_3D('',#2248,#2249,#2250);
#2252=CIRCLE('',#2251,28.557388323);
#2253=EDGE_CURVE('',#2231,#824,#2252,.T.);
#2254=ORIENTED_EDGE('',*,*,#2253,.T.);
#2255=EDGE_LOOP('',(#2221,#2229,#2247,#2254));
#2256=FACE_BOUND('',#2255,.T.);
#2257=ADVANCED_FACE('',(#2256),#2220,.F.);
#2258=CARTESIAN_POINT('',(651.12821182,458.126582012,127.514670222));
#2259=DIRECTION('',(-0.496731765,-0.286788218,-0.819152044));
#2260=DIRECTION('',(0.5,-0.866025404,0.));
#2261=AXIS2_PLACEMENT_3D('',#2258,#2259,#2260);
#2262=PLANE('',#2261);
#2263=CARTESIAN_POINT('',(662.06794984,443.351977566,126.053484964));
#2264=VERTEX_POINT('',#2263);
#2265=CARTESIAN_POINT('',(661.455545241,447.680444831,124.909432888));
#2266=VERTEX_POINT('',#2265);
#2267=CARTESIAN_POINT('',(662.06794984,443.351977566,126.053484964));
#2268=CARTESIAN_POINT('',(661.870638282,445.531616974,125.410034231));
#2269=CARTESIAN_POINT('',(661.45555482,447.680445845,124.909426724));
#2270=(BOUNDED_CURVE()
B_SPLINE_CURVE(2,(#2267,#2268,#2269),.UNSPECIFIED.,.F.,.F.)
B_SPLINE_CURVE_WITH_KNOTS((3,3),(335.172593936,340.933014651),.UNSPECIFIED.)
CURVE()
GEOMETRIC_REPRESENTATION_ITEM()
RATIONAL_B_SPLINE_CURVE((1.,0.998736772,1.))
REPRESENTATION_ITEM(''));
#2271=EDGE_CURVE('',#2264,#2266,#2270,.T.);
#2272=ORIENTED_EDGE('',*,*,#2271,.F.);
#2273=CARTESIAN_POINT('',(668.508670578,468.161194554,113.462047531));
#2274=DIRECTION('',(0.496731765,0.286788218,0.819152044));
#2275=DIRECTION('',(0.855070113,0.,-0.518512393));
#2276=AXIS2_PLACEMENT_3D('',#2273,#2274,#2275);
#2277=CIRCLE('',#2276,28.557388323);
#2278=EDGE_CURVE('',#2264,#2156,#2277,.T.);
#2279=ORIENTED_EDGE('',*,*,#2278,.T.);
#2280=CARTESIAN_POINT('',(668.508670578,468.161194554,113.462047531));
#2281=DIRECTION('',(-0.496731765,-0.286788218,-0.819152044));
#2282=DIRECTION('',(0.855070113,0.,-0.518512393));
#2283=AXIS2_PLACEMENT_3D('',#2280,#2281,#2282);
#2284=CIRCLE('',#2283,28.557388323);
#2285=EDGE_CURVE('',#914,#2156,#2284,.T.);
#2286=ORIENTED_EDGE('',*,*,#2285,.F.);
#2287=CARTESIAN_POINT('',(688.767466903,479.857616066,97.082202506));
#2288=VERTEX_POINT('',#2287);
#2289=CARTESIAN_POINT('',(668.508670578,468.161194554,113.462047531));
#2290=DIRECTION('',(0.496731765,0.286788218,0.819152044));
#2291=DIRECTION('',(0.855070113,0.,-0.518512393));
#2292=AXIS2_PLACEMENT_3D('',#2289,#2290,#2291);
#2293=CIRCLE('',#2292,28.557388323);
#2294=EDGE_CURVE('',#914,#2288,#2293,.T.);
#2295=ORIENTED_EDGE('',*,*,#2294,.T.);
#2296=CARTESIAN_POINT('',(668.508670578,468.161194554,113.462047531));
#2297=DIRECTION('',(0.496731765,0.286788218,0.819152044));
#2298=DIRECTION('',(0.855070113,0.,-0.518512393));
#2299=AXIS2_PLACEMENT_3D('',#2296,#2297,#2298);
#2300=CIRCLE('',#2299,28.557388323);
#2301=EDGE_CURVE('',#2288,#824,#2300,.T.);
#2302=ORIENTED_EDGE('',*,*,#2301,.T.);
#2303=ORIENTED_EDGE('',*,*,#2253,.F.);
#2304=CARTESIAN_POINT('',(643.802900341,474.987973656,126.05348414));
#2305=VERTEX_POINT('',#2304);
#2306=CARTESIAN_POINT('',(668.508670578,468.161194554,113.462047531));
#2307=DIRECTION('',(0.496731765,0.286788218,0.819152044));
#2308=DIRECTION('',(0.855070113,0.,-0.518512393));
#2309=AXIS2_PLACEMENT_3D('',#2306,#2307,#2308);
#2310=CIRCLE('',#2309,28.557388323);
#2311=EDGE_CURVE('',#2231,#2305,#2310,.T.);
#2312=ORIENTED_EDGE('',*,*,#2311,.T.);
#2313=CARTESIAN_POINT('',(647.245258812,472.293383377,124.909432726));
#2314=VERTEX_POINT('',#2313);
#2315=CARTESIAN_POINT('',(647.245264028,472.293391487,124.909426724));
#2316=CARTESIAN_POINT('',(645.591865368,473.727278746,125.410034231));
#2317=CARTESIAN_POINT('',(643.802898049,474.987975271,126.053484964));
#2318=(BOUNDED_CURVE()
B_SPLINE_CURVE(2,(#2315,#2316,#2317),.UNSPECIFIED.,.F.,.F.)
B_SPLINE_CURVE_WITH_KNOTS((3,3),(19.066985349,24.827406064),.UNSPECIFIED.)
CURVE()
GEOMETRIC_REPRESENTATION_ITEM()
RATIONAL_B_SPLINE_CURVE((1.,0.998736772,1.))
REPRESENTATION_ITEM(''));
#2319=EDGE_CURVE('',#2314,#2305,#2318,.T.);
#2320=ORIENTED_EDGE('',*,*,#2319,.F.);
#2321=CARTESIAN_POINT('',(685.889129336,478.195807097,99.40942484));
#2322=VERTEX_POINT('',#2321);
#2323=CARTESIAN_POINT('',(668.508670578,468.161194554,113.462047531));
#2324=DIRECTION('',(0.496731765,0.286788218,0.819152044));
#2325=DIRECTION('',(0.855070113,0.,-0.518512393));
#2326=AXIS2_PLACEMENT_3D('',#2323,#2324,#2325);
#2327=CIRCLE('',#2326,24.5);
#2328=EDGE_CURVE('',#2322,#2314,#2327,.T.);
#2329=ORIENTED_EDGE('',*,*,#2328,.F.);
#2330=CARTESIAN_POINT('',(668.508670578,468.161194554,113.462047531));
#2331=DIRECTION('',(0.496731765,0.286788218,0.819152044));
#2332=DIRECTION('',(0.855070113,0.,-0.518512393));
#2333=AXIS2_PLACEMENT_3D('',#2330,#2331,#2332);
#2334=CIRCLE('',#2333,24.5);
#2335=EDGE_CURVE('',#2266,#2322,#2334,.T.);
#2336=ORIENTED_EDGE('',*,*,#2335,.F.);
#2337=EDGE_LOOP('',(#2272,#2279,#2286,#2295,#2302,#2303,#2312,#2320,#2329,#2336));
#2338=FACE_BOUND('',#2337,.T.);
#2339=ADVANCED_FACE('',(#2338),#2262,.F.);
#2340=CARTESIAN_POINT('',(675.226089365,472.0394981,124.539630486));
#2341=DIRECTION('',(0.496731765,0.286788218,0.819152044));
#2342=DIRECTION('',(-0.70940648,-0.409576022,0.573576436));
#2343=AXIS2_PLACEMENT_3D('',#2340,#2341,#2342);
#2344=CONICAL_SURFACE('',#2343,30.856337725,9.648045316);
#2345=ORIENTED_EDGE('',*,*,#998,.F.);
#2346=ORIENTED_EDGE('',*,*,#2285,.T.);
#2347=ORIENTED_EDGE('',*,*,#2171,.F.);
#2348=ORIENTED_EDGE('',*,*,#2201,.F.);
#2349=EDGE_LOOP('',(#2345,#2346,#2347,#2348));
#2350=FACE_BOUND('',#2349,.T.);
#2351=ADVANCED_FACE('',(#2350),#2344,.F.);
#2352=CARTESIAN_POINT('',(618.,439.,123.514670222));
#2353=DIRECTION('',(0.,0.,1.));
#2354=DIRECTION('',(1.,0.,-0.));
#2355=AXIS2_PLACEMENT_3D('',#2352,#2353,#2354);
#2356=TOROIDAL_SURFACE('',#2355,67.1,22.1);
#2357=CARTESIAN_POINT('',(643.316497209,476.203158052,123.514670222));
#2358=VERTEX_POINT('',#2357);
#2359=CARTESIAN_POINT('',(643.316497209,476.203158052,123.514670222));
#2360=CARTESIAN_POINT('',(643.492862208,476.083142865,124.23294743));
#2361=CARTESIAN_POINT('',(643.684899722,475.992816648,124.950748206));
#2362=CARTESIAN_POINT('',(643.889982644,475.934994153,125.669122202));
#2363=B_SPLINE_CURVE_WITH_KNOTS('',3,(#2359,#2360,#2361,#2362),.UNSPECIFIED.,.F.,.F.,(4,4),(0.,0.002245542),.UNSPECIFIED.);
#2364=EDGE_CURVE('',#2358,#2231,#2363,.T.);
#2365=ORIENTED_EDGE('',*,*,#2364,.T.);
#2366=ORIENTED_EDGE('',*,*,#2246,.T.);
#2367=CARTESIAN_POINT('',(589.005876853,477.253638035,134.632223909));
#2368=VERTEX_POINT('',#2367);
#2369=CARTESIAN_POINT('',(618.,439.,134.632223909));
#2370=DIRECTION('',(0.,0.,1.));
#2371=DIRECTION('',(1.,0.,-0.));
#2372=AXIS2_PLACEMENT_3D('',#2369,#2370,#2371);
#2373=CIRCLE('',#2372,48.);
#2374=EDGE_CURVE('',#2223,#2368,#2373,.T.);
#2375=ORIENTED_EDGE('',*,*,#2374,.T.);
#2376=CARTESIAN_POINT('',(592.110017356,475.934994153,125.669122202));
#2377=VERTEX_POINT('',#2376);
#2378=CARTESIAN_POINT('',(589.005876853,477.253638035,134.632223909));
#2379=CARTESIAN_POINT('',(589.568800275,476.655989738,133.229771103));
#2380=CARTESIAN_POINT('',(590.114299626,476.264421402,131.776699136));
#2381=CARTESIAN_POINT('',(590.638295078,476.052260633,130.27726253));
#2382=CARTESIAN_POINT('',(590.76929394,475.999220441,129.902403378));
#2383=CARTESIAN_POINT('',(590.898839874,475.957438847,129.524597129));
#2384=CARTESIAN_POINT('',(591.026658901,475.926598123,129.143812746));
#2385=CARTESIAN_POINT('',(591.154477929,475.895757399,128.763028362));
#2386=CARTESIAN_POINT('',(591.280779843,475.875845907,128.378607906));
#2387=CARTESIAN_POINT('',(591.404497696,475.866637514,127.992711183));
#2388=CARTESIAN_POINT('',(591.651933402,475.848220728,127.220917735));
#2389=CARTESIAN_POINT('',(591.88803151,475.872405931,126.446704545));
#2390=CARTESIAN_POINT('',(592.110017356,475.934994153,125.669122202));
#2391=B_SPLINE_CURVE_WITH_KNOTS('',3,(#2378,#2379,#2380,#2381,#2382,#2383,#2384,#2385,#2386,#2387,#2388,#2389,#2390),.UNSPECIFIED.,.F.,.F.,(4,3,3,3,4),(0.,0.004796412,0.005995515,0.007194618,0.009592824),.UNSPECIFIED.);
#2392=EDGE_CURVE('',#2368,#2377,#2391,.T.);
#2393=ORIENTED_EDGE('',*,*,#2392,.T.);
#2394=CARTESIAN_POINT('',(592.683502791,476.203158052,123.514670222));
#2395=VERTEX_POINT('',#2394);
#2396=CARTESIAN_POINT('',(592.110017356,475.934994153,125.669122202));
#2397=CARTESIAN_POINT('',(592.315100278,475.992816648,124.950748206));
#2398=CARTESIAN_POINT('',(592.507137792,476.083142865,124.23294743));
#2399=CARTESIAN_POINT('',(592.683502791,476.203158052,123.514670222));
#2400=B_SPLINE_CURVE_WITH_KNOTS('',3,(#2396,#2397,#2398,#2399),.UNSPECIFIED.,.F.,.F.,(4,4),(0.,0.002245542),.UNSPECIFIED.);
#2401=EDGE_CURVE('',#2377,#2395,#2400,.T.);
#2402=ORIENTED_EDGE('',*,*,#2401,.T.);
#2403=CARTESIAN_POINT('',(618.,439.,123.514670222));
#2404=DIRECTION('',(0.,0.,1.));
#2405=DIRECTION('',(1.,0.,-0.));
#2406=AXIS2_PLACEMENT_3D('',#2403,#2404,#2405);
#2407=CIRCLE('',#2406,45.);
#2408=EDGE_CURVE('',#2358,#2395,#2407,.T.);
#2409=ORIENTED_EDGE('',*,*,#2408,.F.);
#2410=EDGE_LOOP('',(#2365,#2366,#2375,#2393,#2402,#2409));
#2411=FACE_BOUND('',#2410,.T.);
#2412=ADVANCED_FACE('',(#2411),#2356,.T.);
#2413=CARTESIAN_POINT('',(618.,391.,134.632223909));
#2414=DIRECTION('',(0.,0.,1.));
#2415=DIRECTION('',(1.,0.,0.));
#2416=AXIS2_PLACEMENT_3D('',#2413,#2414,#2415);
#2417=PLANE('',#2416);
#2418=CARTESIAN_POINT('',(588.559388111,479.413492445,134.632223909));
#2419=CARTESIAN_POINT('',(588.818658856,478.33387731,134.632223909));
#2420=CARTESIAN_POINT('',(589.005876853,477.253638035,134.632223909));
#2421=(BOUNDED_CURVE()
B_SPLINE_CURVE(2,(#2418,#2419,#2420),.UNSPECIFIED.,.F.,.F.)
B_SPLINE_CURVE_WITH_KNOTS((3,3),(142.334549828,145.846335624),.UNSPECIFIED.)
CURVE()
GEOMETRIC_REPRESENTATION_ITEM()
RATIONAL_B_SPLINE_CURVE((1.,0.999530445,1.))
REPRESENTATION_ITEM(''));
#2422=EDGE_CURVE('',#803,#2368,#2421,.T.);
#2423=ORIENTED_EDGE('',*,*,#2422,.T.);
#2424=ORIENTED_EDGE('',*,*,#2374,.F.);
#2425=ORIENTED_EDGE('',*,*,#2228,.T.);
#2426=ORIENTED_EDGE('',*,*,#821,.T.);
#2427=EDGE_LOOP('',(#2423,#2424,#2425,#2426));
#2428=FACE_BOUND('',#2427,.T.);
#2429=ADVANCED_FACE('',(#2428),#2417,.T.);
#2430=CARTESIAN_POINT('',(584.87178818,458.126582012,127.514670222));
#2431=DIRECTION('',(0.496731765,-0.286788218,-0.819152044));
#2432=DIRECTION('',(0.5,0.866025404,-0.));
#2433=AXIS2_PLACEMENT_3D('',#2430,#2431,#2432);
#2434=PLANE('',#2433);
#2435=CARTESIAN_POINT('',(592.197101951,474.987975271,126.053484964));
#2436=VERTEX_POINT('',#2435);
#2437=CARTESIAN_POINT('',(588.75474164,472.293383698,124.909432888));
#2438=VERTEX_POINT('',#2437);
#2439=CARTESIAN_POINT('',(592.197101951,474.987975271,126.053484964));
#2440=CARTESIAN_POINT('',(590.408134632,473.727278746,125.410034231));
#2441=CARTESIAN_POINT('',(588.754735972,472.293391487,124.909426724));
#2442=(BOUNDED_CURVE()
B_SPLINE_CURVE(2,(#2439,#2440,#2441),.UNSPECIFIED.,.F.,.F.)
B_SPLINE_CURVE_WITH_KNOTS((3,3),(335.172593936,340.933014651),.UNSPECIFIED.)
CURVE()
GEOMETRIC_REPRESENTATION_ITEM()
RATIONAL_B_SPLINE_CURVE((1.,0.998736772,1.))
REPRESENTATION_ITEM(''));
#2443=EDGE_CURVE('',#2436,#2438,#2442,.T.);
#2444=ORIENTED_EDGE('',*,*,#2443,.F.);
#2445=CARTESIAN_POINT('',(567.491329422,468.161194554,113.462047531));
#2446=DIRECTION('',(-0.496731765,0.286788218,0.819152044));
#2447=DIRECTION('',(0.855070113,0.,0.518512393));
#2448=AXIS2_PLACEMENT_3D('',#2445,#2446,#2447);
#2449=CIRCLE('',#2448,28.557388323);
#2450=EDGE_CURVE('',#2436,#2377,#2449,.T.);
#2451=ORIENTED_EDGE('',*,*,#2450,.T.);
#2452=CARTESIAN_POINT('',(567.491329422,468.161194554,113.462047531));
#2453=DIRECTION('',(0.496731765,-0.286788218,-0.819152044));
#2454=DIRECTION('',(0.855070113,0.,0.518512393));
#2455=AXIS2_PLACEMENT_3D('',#2452,#2453,#2454);
#2456=CIRCLE('',#2455,28.557388323);
#2457=EDGE_CURVE('',#728,#2377,#2456,.T.);
#2458=ORIENTED_EDGE('',*,*,#2457,.F.);
#2459=CARTESIAN_POINT('',(547.232533097,479.857616066,97.082202506));
#2460=VERTEX_POINT('',#2459);
#2461=CARTESIAN_POINT('',(567.491329422,468.161194554,113.462047531));
#2462=DIRECTION('',(-0.496731765,0.286788218,0.819152044));
#2463=DIRECTION('',(0.855070113,0.,0.518512393));
#2464=AXIS2_PLACEMENT_3D('',#2461,#2462,#2463);
#2465=CIRCLE('',#2464,28.557388323);
#2466=EDGE_CURVE('',#728,#2460,#2465,.T.);
#2467=ORIENTED_EDGE('',*,*,#2466,.T.);
#2468=CARTESIAN_POINT('',(567.491329422,468.161194554,113.462047531));
#2469=DIRECTION('',(-0.496731765,0.286788218,0.819152044));
#2470=DIRECTION('',(0.855070113,0.,0.518512393));
#2471=AXIS2_PLACEMENT_3D('',#2468,#2469,#2470);
#2472=CIRCLE('',#2471,28.557388323);
#2473=EDGE_CURVE('',#2460,#638,#2472,.T.);
#2474=ORIENTED_EDGE('',*,*,#2473,.T.);
#2475=CARTESIAN_POINT('',(573.068365453,442.953885596,125.669122202));
#2476=VERTEX_POINT('',#2475);
#2477=CARTESIAN_POINT('',(567.491329422,468.161194554,113.462047531));
#2478=DIRECTION('',(0.496731765,-0.286788218,-0.819152044));
#2479=DIRECTION('',(0.855070113,0.,0.518512393));
#2480=AXIS2_PLACEMENT_3D('',#2477,#2478,#2479);
#2481=CIRCLE('',#2480,28.557388323);
#2482=EDGE_CURVE('',#2476,#638,#2481,.T.);
#2483=ORIENTED_EDGE('',*,*,#2482,.F.);
#2484=CARTESIAN_POINT('',(573.932050413,443.351980358,126.05348414));
#2485=VERTEX_POINT('',#2484);
#2486=CARTESIAN_POINT('',(567.491329422,468.161194554,113.462047531));
#2487=DIRECTION('',(-0.496731765,0.286788218,0.819152044));
#2488=DIRECTION('',(0.855070113,0.,0.518512393));
#2489=AXIS2_PLACEMENT_3D('',#2486,#2487,#2488);
#2490=CIRCLE('',#2489,28.557388323);
#2491=EDGE_CURVE('',#2476,#2485,#2490,.T.);
#2492=ORIENTED_EDGE('',*,*,#2491,.T.);
#2493=CARTESIAN_POINT('',(574.544454811,447.680445383,124.909432726));
#2494=VERTEX_POINT('',#2493);
#2495=CARTESIAN_POINT('',(574.54444518,447.680445845,124.909426724));
#2496=CARTESIAN_POINT('',(574.129361718,445.531616974,125.410034231));
#2497=CARTESIAN_POINT('',(573.93205016,443.351977566,126.053484964));
#2498=(BOUNDED_CURVE()
B_SPLINE_CURVE(2,(#2495,#2496,#2497),.UNSPECIFIED.,.F.,.F.)
B_SPLINE_CURVE_WITH_KNOTS((3,3),(19.066985349,24.827406064),.UNSPECIFIED.)
CURVE()
GEOMETRIC_REPRESENTATION_ITEM()
RATIONAL_B_SPLINE_CURVE((1.,0.998736772,1.))
REPRESENTATION_ITEM(''));
#2499=EDGE_CURVE('',#2494,#2485,#2498,.T.);
#2500=ORIENTED_EDGE('',*,*,#2499,.F.);
#2501=CARTESIAN_POINT('',(550.110870664,478.195807097,99.40942484));
#2502=VERTEX_POINT('',#2501);
#2503=CARTESIAN_POINT('',(567.491329422,468.161194554,113.462047531));
#2504=DIRECTION('',(-0.496731765,0.286788218,0.819152044));
#2505=DIRECTION('',(0.855070113,0.,0.518512393));
#2506=AXIS2_PLACEMENT_3D('',#2503,#2504,#2505);
#2507=CIRCLE('',#2506,24.5);
#2508=EDGE_CURVE('',#2502,#2494,#2507,.T.);
#2509=ORIENTED_EDGE('',*,*,#2508,.F.);
#2510=CARTESIAN_POINT('',(567.491329422,468.161194554,113.462047531));
#2511=DIRECTION('',(-0.496731765,0.286788218,0.819152044));
#2512=DIRECTION('',(0.855070113,0.,0.518512393));
#2513=AXIS2_PLACEMENT_3D('',#2510,#2511,#2512);
#2514=CIRCLE('',#2513,24.5);
#2515=EDGE_CURVE('',#2438,#2502,#2514,.T.);
#2516=ORIENTED_EDGE('',*,*,#2515,.F.);
#2517=EDGE_LOOP('',(#2444,#2451,#2458,#2467,#2474,#2483,#2492,#2500,#2509,#2516));
#2518=FACE_BOUND('',#2517,.T.);
#2519=ADVANCED_FACE('',(#2518),#2434,.F.);
#2520=CARTESIAN_POINT('',(560.773910635,472.0394981,124.539630486));
#2521=DIRECTION('',(-0.496731765,0.286788218,0.819152044));
#2522=DIRECTION('',(0.70940648,-0.409576022,0.573576436));
#2523=AXIS2_PLACEMENT_3D('',#2520,#2521,#2522);
#2524=CONICAL_SURFACE('',#2523,30.856337725,9.648045316);
#2525=ORIENTED_EDGE('',*,*,#647,.F.);
#2526=ORIENTED_EDGE('',*,*,#1947,.F.);
#2527=CARTESIAN_POINT('',(573.068365453,442.953885596,125.669122202));
#2528=CARTESIAN_POINT('',(572.954945111,443.400336656,127.222102644));
#2529=CARTESIAN_POINT('',(572.683534566,443.813974481,128.746339467));
#2530=CARTESIAN_POINT('',(572.240058943,444.162666234,130.246529917));
#2531=CARTESIAN_POINT('',(572.129190037,444.249839172,130.621577529));
#2532=CARTESIAN_POINT('',(572.007433844,444.332979311,130.995084589));
#2533=CARTESIAN_POINT('',(571.874304865,444.411644382,131.367047606));
#2534=CARTESIAN_POINT('',(571.741175886,444.490309452,131.739010623));
#2535=CARTESIAN_POINT('',(571.596352686,444.56463639,132.110173603));
#2536=CARTESIAN_POINT('',(571.440325148,444.633749985,132.477979324));
#2537=CARTESIAN_POINT('',(571.128270072,444.771977176,133.213590766));
#2538=CARTESIAN_POINT('',(570.773358395,444.888600112,133.931836242));
#2539=CARTESIAN_POINT('',(570.374316101,444.982828189,134.632223909));
#2540=B_SPLINE_CURVE_WITH_KNOTS('',3,(#2527,#2528,#2529,#2530,#2531,#2532,#2533,#2534,#2535,#2536,#2537,#2538,#2539),.UNSPECIFIED.,.F.,.F.,(4,3,3,3,4),(0.,0.004799812,0.005999765,0.007199718,0.009599624),.UNSPECIFIED.);
#2541=EDGE_CURVE('',#2476,#1942,#2540,.T.);
#2542=ORIENTED_EDGE('',*,*,#2541,.F.);
#2543=ORIENTED_EDGE('',*,*,#2482,.T.);
#2544=EDGE_LOOP('',(#2525,#2526,#2542,#2543));
#2545=FACE_BOUND('',#2544,.T.);
#2546=ADVANCED_FACE('',(#2545),#2524,.F.);
#2547=CARTESIAN_POINT('',(560.773910635,472.0394981,124.539630486));
#2548=DIRECTION('',(-0.496731765,0.286788218,0.819152044));
#2549=DIRECTION('',(0.70940648,-0.409576022,0.573576436));
#2550=AXIS2_PLACEMENT_3D('',#2547,#2548,#2549);
#2551=CONICAL_SURFACE('',#2550,30.856337725,9.648045316);
#2552=ORIENTED_EDGE('',*,*,#812,.F.);
#2553=ORIENTED_EDGE('',*,*,#2457,.T.);
#2554=ORIENTED_EDGE('',*,*,#2392,.F.);
#2555=ORIENTED_EDGE('',*,*,#2422,.F.);
#2556=EDGE_LOOP('',(#2552,#2553,#2554,#2555));
#2557=FACE_BOUND('',#2556,.T.);
#2558=ADVANCED_FACE('',(#2557),#2551,.F.);
#2559=CARTESIAN_POINT('',(618.,439.,123.514670222));
#2560=DIRECTION('',(0.,0.,1.));
#2561=DIRECTION('',(1.,0.,-0.));
#2562=AXIS2_PLACEMENT_3D('',#2559,#2560,#2561);
#2563=TOROIDAL_SURFACE('',#2562,50.,5.);
#2564=CARTESIAN_POINT('',(664.,439.,120.514670222));
#2565=VERTEX_POINT('',#2564);
#2566=CARTESIAN_POINT('',(668.,439.,123.514670222));
#2567=DIRECTION('',(-0.,1.,-0.));
#2568=DIRECTION('',(1.,0.,0.));
#2569=AXIS2_PLACEMENT_3D('',#2566,#2567,#2568);
#2570=CIRCLE('',#2569,5.);
#2571=EDGE_CURVE('',#2565,#2136,#2570,.T.);
#2572=ORIENTED_EDGE('',*,*,#2571,.T.);
#2573=ORIENTED_EDGE('',*,*,#2187,.T.);
#2574=CARTESIAN_POINT('',(663.943196943,441.285312812,120.514670222));
#2575=VERTEX_POINT('',#2574);
#2576=CARTESIAN_POINT('',(662.877128579,442.323150692,123.514670222));
#2577=CARTESIAN_POINT('',(662.883136915,442.242011766,123.240725027));
#2578=CARTESIAN_POINT('',(662.911548449,442.15770399,122.972374197));
#2579=CARTESIAN_POINT('',(662.960572247,442.071409241,122.708865376));
#2580=CARTESIAN_POINT('',(663.009596044,441.985114493,122.445356555));
#2581=CARTESIAN_POINT('',(663.079259204,441.896819626,122.186699571));
#2582=CARTESIAN_POINT('',(663.169725997,441.807491121,121.932610211));
#2583=CARTESIAN_POINT('',(663.214959393,441.762826869,121.805565531));
#2584=CARTESIAN_POINT('',(663.265573502,441.717809567,121.679425481));
#2585=CARTESIAN_POINT('',(663.320725723,441.673305529,121.556248877));
#2586=CARTESIAN_POINT('',(663.375877944,441.62880149,121.433072273));
#2587=CARTESIAN_POINT('',(663.435701755,441.584657577,121.312416886));
#2588=CARTESIAN_POINT('',(663.500161934,441.540978429,121.194223964));
#2589=CARTESIAN_POINT('',(663.629082293,441.453620131,120.95783812));
#2590=CARTESIAN_POINT('',(663.776445679,441.368116019,120.731245727));
#2591=CARTESIAN_POINT('',(663.943196943,441.285312812,120.514670222));
#2592=B_SPLINE_CURVE_WITH_KNOTS('',3,(#2576,#2577,#2578,#2579,#2580,#2581,#2582,#2583,#2584,#2585,#2586,#2587,#2588,#2589,#2590,#2591),.UNSPECIFIED.,.F.,.F.,(4,3,3,3,3,4),(0.,0.000844634,0.001689267,0.002111584,0.002533901,0.003378534),.UNSPECIFIED.);
#2593=EDGE_CURVE('',#2174,#2575,#2592,.T.);
#2594=ORIENTED_EDGE('',*,*,#2593,.T.);
#2595=CARTESIAN_POINT('',(618.,439.,120.514670222));
#2596=DIRECTION('',(0.,0.,1.));
#2597=DIRECTION('',(1.,0.,-0.));
#2598=AXIS2_PLACEMENT_3D('',#2595,#2596,#2597);
#2599=CIRCLE('',#2598,46.);
#2600=EDGE_CURVE('',#2565,#2575,#2599,.T.);
#2601=ORIENTED_EDGE('',*,*,#2600,.F.);
#2602=EDGE_LOOP('',(#2572,#2573,#2594,#2601));
#2603=FACE_BOUND('',#2602,.T.);
#2604=ADVANCED_FACE('',(#2603),#2563,.T.);
#2605=CARTESIAN_POINT('',(618.,439.,119.014670222));
#2606=DIRECTION('',(0.,0.,1.));
#2607=DIRECTION('',(0.,-1.,0.));
#2608=AXIS2_PLACEMENT_3D('',#2605,#2606,#2607);
#2609=CYLINDRICAL_SURFACE('',#2608,46.);
#2610=CARTESIAN_POINT('',(663.972564362,440.58849803,117.514670222));
#2611=VERTEX_POINT('',#2610);
#2612=CARTESIAN_POINT('',(663.943196943,441.285312812,120.514670222));
#2613=CARTESIAN_POINT('',(663.955400403,441.039978366,119.521024734));
#2614=CARTESIAN_POINT('',(663.964999052,440.807444921,118.520160034));
#2615=CARTESIAN_POINT('',(663.972564362,440.58849803,117.514670222));
#2616=B_SPLINE_CURVE_WITH_KNOTS('',3,(#2612,#2613,#2614,#2615),.UNSPECIFIED.,.F.,.F.,(4,4),(1.258615589,1.541895465),.UNSPECIFIED.);
#2617=EDGE_CURVE('',#2575,#2611,#2616,.T.);
#2618=ORIENTED_EDGE('',*,*,#2617,.T.);
#2619=CARTESIAN_POINT('',(639.610602533,398.392342371,117.514670222));
#2620=VERTEX_POINT('',#2619);
#2621=CARTESIAN_POINT('',(618.,439.,117.514670222));
#2622=DIRECTION('',(0.,0.,1.));
#2623=DIRECTION('',(1.,0.,-0.));
#2624=AXIS2_PLACEMENT_3D('',#2621,#2622,#2623);
#2625=CIRCLE('',#2624,46.);
#2626=EDGE_CURVE('',#2620,#2611,#2625,.T.);
#2627=ORIENTED_EDGE('',*,*,#2626,.F.);
#2628=CARTESIAN_POINT('',(638.992459521,398.06936791,120.514670222));
#2629=VERTEX_POINT('',#2628);
#2630=CARTESIAN_POINT('',(639.610602533,398.392342371,117.514670222));
#2631=CARTESIAN_POINT('',(639.417522723,398.289589065,118.518514957));
#2632=CARTESIAN_POINT('',(639.211318637,398.181616144,119.519699417));
#2633=CARTESIAN_POINT('',(638.992459521,398.06936791,120.514670222));
#2634=B_SPLINE_CURVE_WITH_KNOTS('',3,(#2630,#2631,#2632,#2633),.UNSPECIFIED.,.F.,.F.,(4,4),(1.433164616,1.71489627),.UNSPECIFIED.);
#2635=EDGE_CURVE('',#2620,#2629,#2634,.T.);
#2636=ORIENTED_EDGE('',*,*,#2635,.T.);
#2637=CARTESIAN_POINT('',(618.,439.,120.514670222));
#2638=DIRECTION('',(0.,0.,1.));
#2639=DIRECTION('',(1.,0.,-0.));
#2640=AXIS2_PLACEMENT_3D('',#2637,#2638,#2639);
#2641=CIRCLE('',#2640,46.);
#2642=EDGE_CURVE('',#2629,#2565,#2641,.T.);
#2643=ORIENTED_EDGE('',*,*,#2642,.T.);
#2644=ORIENTED_EDGE('',*,*,#2600,.T.);
#2645=EDGE_LOOP('',(#2618,#2627,#2636,#2643,#2644));
#2646=FACE_BOUND('',#2645,.T.);
#2647=ADVANCED_FACE('',(#2646),#2609,.F.);
#2648=CARTESIAN_POINT('',(618.,397.,117.514670222));
#2649=DIRECTION('',(0.,0.,1.));
#2650=DIRECTION('',(1.,0.,0.));
#2651=AXIS2_PLACEMENT_3D('',#2648,#2649,#2650);
#2652=PLANE('',#2651);
#2653=CARTESIAN_POINT('',(663.972564362,440.58849803,117.514670222));
#2654=CARTESIAN_POINT('',(661.903346391,440.853520453,117.514670222));
#2655=CARTESIAN_POINT('',(659.933720597,441.358617575,117.514670222));
#2656=(BOUNDED_CURVE()
B_SPLINE_CURVE(2,(#2653,#2654,#2655),.UNSPECIFIED.,.F.,.F.)
B_SPLINE_CURVE_WITH_KNOTS((3,3),(133.124744777,140.272353761),.UNSPECIFIED.)
CURVE()
GEOMETRIC_REPRESENTATION_ITEM()
RATIONAL_B_SPLINE_CURVE((1.,0.998055332,1.))
REPRESENTATION_ITEM(''));
#2657=EDGE_CURVE('',#2611,#1190,#2656,.T.);
#2658=ORIENTED_EDGE('',*,*,#2657,.T.);
#2659=ORIENTED_EDGE('',*,*,#1196,.F.);
#2660=CARTESIAN_POINT('',(636.924237561,401.5050239,117.514670222));
#2661=CARTESIAN_POINT('',(638.346477397,400.051826488,117.514670222));
#2662=CARTESIAN_POINT('',(639.610602533,398.392342371,117.514670222));
#2663=(BOUNDED_CURVE()
B_SPLINE_CURVE(2,(#2660,#2661,#2662),.UNSPECIFIED.,.F.,.F.)
B_SPLINE_CURVE_WITH_KNOTS((3,3),(39.727646239,46.875255223),.UNSPECIFIED.)
CURVE()
GEOMETRIC_REPRESENTATION_ITEM()
RATIONAL_B_SPLINE_CURVE((1.,0.998055332,1.))
REPRESENTATION_ITEM(''));
#2664=EDGE_CURVE('',#1181,#2620,#2663,.T.);
#2665=ORIENTED_EDGE('',*,*,#2664,.T.);
#2666=ORIENTED_EDGE('',*,*,#2626,.T.);
#2667=EDGE_LOOP('',(#2658,#2659,#2665,#2666));
#2668=FACE_BOUND('',#2667,.T.);
#2669=ADVANCED_FACE('',(#2668),#2652,.T.);
#2670=CARTESIAN_POINT('',(618.,395.318763414,92.55231474));
#2671=DIRECTION('',(0.,-0.573576436,0.819152044));
#2672=DIRECTION('',(0.,-0.819152044,-0.573576436));
#2673=AXIS2_PLACEMENT_3D('',#2670,#2671,#2672);
#2674=CONICAL_SURFACE('',#2673,24.217956346,9.648045316);
#2675=CARTESIAN_POINT('',(601.195259807,400.508444395,124.554006716));
#2676=CARTESIAN_POINT('',(601.241158072,400.48840828,124.686401217));
#2677=CARTESIAN_POINT('',(601.269515396,400.45424085,124.81863792));
#2678=CARTESIAN_POINT('',(601.280801162,400.406714788,124.95082563));
#2679=CARTESIAN_POINT('',(601.292086927,400.359188725,125.083013341));
#2680=CARTESIAN_POINT('',(601.285616855,400.299779799,125.210437689));
#2681=CARTESIAN_POINT('',(601.262075485,400.230324095,125.330244682));
#2682=CARTESIAN_POINT('',(601.214992745,400.091412687,125.569858668));
#2683=CARTESIAN_POINT('',(601.099391272,399.915361136,125.771714873));
#2684=CARTESIAN_POINT('',(600.945215241,399.731652635,125.915124685));
#2685=CARTESIAN_POINT('',(600.868127226,399.639798385,125.986829592));
#2686=CARTESIAN_POINT('',(600.779584543,399.5442027,126.044704063));
#2687=CARTESIAN_POINT('',(600.685421688,399.450021316,126.086472018));
#2688=CARTESIAN_POINT('',(600.591258832,399.355839932,126.128239974));
#2689=CARTESIAN_POINT('',(600.489806493,399.261114516,126.155329763));
#2690=CARTESIAN_POINT('',(600.384956882,399.168760376,126.167374973));
#2691=CARTESIAN_POINT('',(600.28010727,399.076406236,126.179420184));
#2692=CARTESIAN_POINT('',(600.173039054,398.987339407,126.176631952));
#2693=CARTESIAN_POINT('',(600.063744268,398.901604496,126.158164795));
#2694=CARTESIAN_POINT('',(599.954449482,398.815869585,126.139697637));
#2695=CARTESIAN_POINT('',(599.842184558,398.733134718,126.104661421));
#2696=CARTESIAN_POINT('',(599.734948209,398.660047163,126.053484964));
#2697=B_SPLINE_CURVE_WITH_KNOTS('',3,(#2675,#2676,#2677,#2678,#2679,#2680,#2681,#2682,#2683,#2684,#2685,#2686,#2687,#2688,#2689,#2690,#2691,#2692,#2693,#2694,#2695,#2696),.UNSPECIFIED.,.F.,.F.,(4,3,3,3,3,3,3,4),(0.,0.00041845,0.0008369,0.0016738,0.00209225,0.0025107,0.00292915,0.0033476),.UNSPECIFIED.);
#2698=EDGE_CURVE('',#1566,#2018,#2697,.T.);
#2699=ORIENTED_EDGE('',*,*,#2698,.F.);
#2700=ORIENTED_EDGE('',*,*,#1587,.F.);
#2701=CARTESIAN_POINT('',(596.389397467,398.392342371,117.514670222));
#2702=VERTEX_POINT('',#2701);
#2703=CARTESIAN_POINT('',(596.389397467,398.392342371,117.514670222));
#2704=CARTESIAN_POINT('',(597.653522603,400.051826488,117.514670222));
#2705=CARTESIAN_POINT('',(599.075762439,401.5050239,117.514670222));
#2706=(BOUNDED_CURVE()
B_SPLINE_CURVE(2,(#2703,#2704,#2705),.UNSPECIFIED.,.F.,.F.)
B_SPLINE_CURVE_WITH_KNOTS((3,3),(313.124744777,320.272353761),.UNSPECIFIED.)
CURVE()
GEOMETRIC_REPRESENTATION_ITEM()
RATIONAL_B_SPLINE_CURVE((1.,0.998055332,1.))
REPRESENTATION_ITEM(''));
#2707=EDGE_CURVE('',#2702,#1557,#2706,.T.);
#2708=ORIENTED_EDGE('',*,*,#2707,.F.);
#2709=CARTESIAN_POINT('',(597.007540479,398.06936791,120.514670222));
#2710=VERTEX_POINT('',#2709);
#2711=CARTESIAN_POINT('',(597.007540479,398.06936791,120.514670222));
#2712=CARTESIAN_POINT('',(596.788681363,398.181616144,119.519699417));
#2713=CARTESIAN_POINT('',(596.582477277,398.289589065,118.518514957));
#2714=CARTESIAN_POINT('',(596.389397467,398.392342371,117.514670222));
#2715=B_SPLINE_CURVE_WITH_KNOTS('',3,(#2711,#2712,#2713,#2714),.UNSPECIFIED.,.F.,.F.,(4,4),(1.22400409,1.505735745),.UNSPECIFIED.);
#2716=EDGE_CURVE('',#2710,#2702,#2715,.T.);
#2717=ORIENTED_EDGE('',*,*,#2716,.F.);
#2718=CARTESIAN_POINT('',(598.439368631,398.473691256,123.514670222));
#2719=VERTEX_POINT('',#2718);
#2720=CARTESIAN_POINT('',(598.439368631,398.473691256,123.514670222));
#2721=CARTESIAN_POINT('',(598.366096092,398.509057347,123.240725027));
#2722=CARTESIAN_POINT('',(598.278877648,398.526606125,122.972374197));
#2723=CARTESIAN_POINT('',(598.179632305,398.527297645,122.708865376));
#2724=CARTESIAN_POINT('',(598.080386962,398.527989165,122.445356555));
#2725=CARTESIAN_POINT('',(597.969089784,398.511806532,122.186699571));
#2726=CARTESIAN_POINT('',(597.846495634,398.478124244,121.932610211));
#2727=CARTESIAN_POINT('',(597.785198558,398.4612831,121.805565531));
#2728=CARTESIAN_POINT('',(597.720905377,398.439958647,121.679425481));
#2729=CARTESIAN_POINT('',(597.654787639,398.414447442,121.556248877));
#2730=CARTESIAN_POINT('',(597.5886699,398.388936236,121.433072273));
#2731=CARTESIAN_POINT('',(597.520528245,398.359199253,121.312416886));
#2732=CARTESIAN_POINT('',(597.450470902,398.325214674,121.194223964));
#2733=CARTESIAN_POINT('',(597.310356218,398.257245517,120.95783812));
#2734=CARTESIAN_POINT('',(597.162625792,398.172377137,120.731245727));
#2735=CARTESIAN_POINT('',(597.007540479,398.06936791,120.514670222));
#2736=B_SPLINE_CURVE_WITH_KNOTS('',3,(#2720,#2721,#2722,#2723,#2724,#2725,#2726,#2727,#2728,#2729,#2730,#2731,#2732,#2733,#2734,#2735),.UNSPECIFIED.,.F.,.F.,(4,3,3,3,3,4),(0.,0.000844634,0.001689267,0.002111584,0.002533901,0.003378534),.UNSPECIFIED.);
#2737=EDGE_CURVE('',#2719,#2710,#2736,.T.);
#2738=ORIENTED_EDGE('',*,*,#2737,.F.);
#2739=CARTESIAN_POINT('',(598.958348097,398.11112025,125.669122202));
#2740=CARTESIAN_POINT('',(598.805730886,398.259816023,124.950748206));
#2741=CARTESIAN_POINT('',(598.631487331,398.380962281,124.23294743));
#2742=CARTESIAN_POINT('',(598.439368631,398.473691256,123.514670222));
#2743=B_SPLINE_CURVE_WITH_KNOTS('',3,(#2739,#2740,#2741,#2742),.UNSPECIFIED.,.F.,.F.,(4,4),(0.,0.002245542),.UNSPECIFIED.);
#2744=EDGE_CURVE('',#1983,#2719,#2743,.T.);
#2745=ORIENTED_EDGE('',*,*,#2744,.F.);
#2746=ORIENTED_EDGE('',*,*,#2032,.F.);
#2747=EDGE_LOOP('',(#2699,#2700,#2708,#2717,#2738,#2745,#2746));
#2748=FACE_BOUND('',#2747,.T.);
#2749=ADVANCED_FACE('',(#2748),#2674,.T.);
#2750=CARTESIAN_POINT('',(618.,395.318763414,92.55231474));
#2751=DIRECTION('',(0.,-0.573576436,0.819152044));
#2752=DIRECTION('',(0.,-0.819152044,-0.573576436));
#2753=AXIS2_PLACEMENT_3D('',#2750,#2751,#2752);
#2754=CONICAL_SURFACE('',#2753,24.217956346,9.648045316);
#2755=CARTESIAN_POINT('',(636.265050994,398.660047706,126.053485344));
#2756=CARTESIAN_POINT('',(636.156129057,398.734284078,126.105466212));
#2757=CARTESIAN_POINT('',(636.047120583,398.814694167,126.139263773));
#2758=CARTESIAN_POINT('',(635.938012412,398.90022694,126.157866628));
#2759=CARTESIAN_POINT('',(635.82890424,398.985759713,126.176469482));
#2760=CARTESIAN_POINT('',(635.719280038,399.076937477,126.179373986));
#2761=CARTESIAN_POINT('',(635.614795831,399.168978203,126.167346534));
#2762=CARTESIAN_POINT('',(635.562553728,399.214998567,126.161332807));
#2763=CARTESIAN_POINT('',(635.511269617,399.261501546,126.151621354));
#2764=CARTESIAN_POINT('',(635.460994129,399.308529636,126.138122798));
#2765=CARTESIAN_POINT('',(635.410718641,399.355557726,126.124624241));
#2766=CARTESIAN_POINT('',(635.361162299,399.403410498,126.107182115));
#2767=CARTESIAN_POINT('',(635.313838506,399.450761409,126.086143487));
#2768=CARTESIAN_POINT('',(635.21919092,399.545463232,126.044066231));
#2769=CARTESIAN_POINT('',(635.132820066,399.638730505,125.987560258));
#2770=CARTESIAN_POINT('',(635.055519173,399.730777838,125.915807088));
#2771=CARTESIAN_POINT('',(635.016868726,399.776801505,125.879930502));
#2772=CARTESIAN_POINT('',(634.980224066,399.822863625,125.839915891));
#2773=CARTESIAN_POINT('',(634.946920093,399.867425965,125.797027839));
#2774=CARTESIAN_POINT('',(634.91361612,399.911988304,125.754139788));
#2775=CARTESIAN_POINT('',(634.883492221,399.955200111,125.708331758));
#2776=CARTESIAN_POINT('',(634.856629793,399.997066944,125.659563544));
#2777=CARTESIAN_POINT('',(634.829767365,400.038933777,125.610795331));
#2778=CARTESIAN_POINT('',(634.80616148,400.079457461,125.559071228));
#2779=CARTESIAN_POINT('',(634.786159761,400.118527369,125.50410389));
#2780=CARTESIAN_POINT('',(634.766158043,400.157597277,125.449136552));
#2781=CARTESIAN_POINT('',(634.749868486,400.195188365,125.390787581));
#2782=CARTESIAN_POINT('',(634.738104306,400.229794471,125.331157739));
#2783=CARTESIAN_POINT('',(634.714575946,400.299006683,125.211898055));
#2784=CARTESIAN_POINT('',(634.707877157,400.358462065,125.084782863));
#2785=CARTESIAN_POINT('',(634.719088842,400.406248694,124.952120752));
#2786=CARTESIAN_POINT('',(634.724694685,400.430142008,124.885789696));
#2787=CARTESIAN_POINT('',(634.734676689,400.450601098,124.819455532));
#2788=CARTESIAN_POINT('',(634.748934077,400.467664586,124.753107659));
#2789=CARTESIAN_POINT('',(634.763191464,400.484728074,124.686759787));
#2790=CARTESIAN_POINT('',(634.782123989,400.498571653,124.61924367));
#2791=CARTESIAN_POINT('',(634.8047402,400.50844438,124.554006738));
#2792=B_SPLINE_CURVE_WITH_KNOTS('',3,(#2755,#2756,#2757,#2758,#2759,#2760,#2761,#2762,#2763,#2764,#2765,#2766,#2767,#2768,#2769,#2770,#2771,#2772,#2773,#2774,#2775,#2776,#2777,#2778,#2779,#2780,
#2781,#2782,#2783,#2784,#2785,#2786,#2787,#2788,#2789,#2790,#2791),.UNSPECIFIED.,.F.,.F.,(4,3,3,3,3,3,3,3,3,3,3,3,4),(0.,0.000418485,0.00083697,0.001046213,0.001255455,0.001673941,0.001883183,0.002092426,0.002301668,0.002510911,0.002929396,0.003138639,0.003347881),.UNSPECIFIED.);
#2793=EDGE_CURVE('',#2061,#1172,#2792,.T.);
#2794=ORIENTED_EDGE('',*,*,#2793,.F.);
#2795=ORIENTED_EDGE('',*,*,#2067,.F.);
#2796=CARTESIAN_POINT('',(637.560631369,398.473691256,123.514670222));
#2797=VERTEX_POINT('',#2796);
#2798=CARTESIAN_POINT('',(637.560631369,398.473691256,123.514670222));
#2799=CARTESIAN_POINT('',(637.368512669,398.380962281,124.23294743));
#2800=CARTESIAN_POINT('',(637.194269114,398.259816023,124.950748206));
#2801=CARTESIAN_POINT('',(637.041651903,398.11112025,125.669122202));
#2802=B_SPLINE_CURVE_WITH_KNOTS('',3,(#2798,#2799,#2800,#2801),.UNSPECIFIED.,.F.,.F.,(4,4),(0.,0.002245542),.UNSPECIFIED.);
#2803=EDGE_CURVE('',#2797,#2052,#2802,.T.);
#2804=ORIENTED_EDGE('',*,*,#2803,.F.);
#2805=CARTESIAN_POINT('',(638.992459521,398.06936791,120.514670222));
#2806=CARTESIAN_POINT('',(638.682256492,398.275407886,120.947866482));
#2807=CARTESIAN_POINT('',(638.402330442,398.409222899,121.417936062));
#2808=CARTESIAN_POINT('',(638.156890714,398.477190172,121.925598817));
#2809=CARTESIAN_POINT('',(638.095530781,398.49418199,122.052514506));
#2810=CARTESIAN_POINT('',(638.036244788,398.506946883,122.182234059));
#2811=CARTESIAN_POINT('',(637.980174688,398.515284307,122.312610104));
#2812=CARTESIAN_POINT('',(637.924104588,398.523621731,122.442986148));
#2813=CARTESIAN_POINT('',(637.871057044,398.527605803,122.574376968));
#2814=CARTESIAN_POINT('',(637.821137581,398.52730266,122.706822002));
#2815=CARTESIAN_POINT('',(637.721298653,398.526696374,122.971712071));
#2816=CARTESIAN_POINT('',(637.633886528,398.509048958,123.240790007));
#2817=CARTESIAN_POINT('',(637.560631369,398.473691256,123.514670222));
#2818=B_SPLINE_CURVE_WITH_KNOTS('',3,(#2805,#2806,#2807,#2808,#2809,#2810,#2811,#2812,#2813,#2814,#2815,#2816,#2817),.UNSPECIFIED.,.F.,.F.,(4,3,3,3,4),(0.,0.001689443,0.002111804,0.002534164,0.003378886),.UNSPECIFIED.);
#2819=EDGE_CURVE('',#2629,#2797,#2818,.T.);
#2820=ORIENTED_EDGE('',*,*,#2819,.F.);
#2821=ORIENTED_EDGE('',*,*,#2635,.F.);
#2822=ORIENTED_EDGE('',*,*,#2664,.F.);
#2823=ORIENTED_EDGE('',*,*,#1187,.F.);
#2824=EDGE_LOOP('',(#2794,#2795,#2804,#2820,#2821,#2822,#2823));
#2825=FACE_BOUND('',#2824,.T.);
#2826=ADVANCED_FACE('',(#2825),#2754,.T.);
#2827=CARTESIAN_POINT('',(618.,395.318763414,92.55231474));
#2828=DIRECTION('',(0.,-0.573576436,0.819152044));
#2829=DIRECTION('',(0.,-0.819152044,-0.573576436));
#2830=AXIS2_PLACEMENT_3D('',#2827,#2828,#2829);
#2831=CONICAL_SURFACE('',#2830,24.217956346,9.648045316);
#2832=CARTESIAN_POINT('',(618.,388.97522479,65.));
#2833=VERTEX_POINT('',#2832);
#2834=CARTESIAN_POINT('',(618.,357.284767867,97.082202506));
#2835=DIRECTION('',(-0.,0.702749875,-0.711437006));
#2836=VECTOR('',#2835,45.094930731);
#2837=LINE('',#2834,#2836);
#2838=EDGE_CURVE('',#2036,#2833,#2837,.T.);
#2839=ORIENTED_EDGE('',*,*,#2838,.T.);
#2840=CARTESIAN_POINT('',(618.,411.884133493,65.));
#2841=DIRECTION('',(-0.,-0.,-1.));
#2842=DIRECTION('',(0.,-1.,0.));
#2843=AXIS2_PLACEMENT_3D('',#2840,#2841,#2842);
#2844=ELLIPSE('',#2843,22.908908703,18.632454463);
#2845=EDGE_CURVE('',#1022,#2833,#2844,.T.);
#2846=ORIENTED_EDGE('',*,*,#2845,.F.);
#2847=ORIENTED_EDGE('',*,*,#1088,.F.);
#2848=ORIENTED_EDGE('',*,*,#2049,.F.);
#2849=EDGE_LOOP('',(#2839,#2846,#2847,#2848));
#2850=FACE_BOUND('',#2849,.T.);
#2851=ADVANCED_FACE('',(#2850),#2831,.T.);
#2852=CARTESIAN_POINT('',(618.,439.,123.514670222));
#2853=DIRECTION('',(0.,0.,1.));
#2854=DIRECTION('',(-0.866025404,-0.5,0.));
#2855=AXIS2_PLACEMENT_3D('',#2852,#2853,#2854);
#2856=TOROIDAL_SURFACE('',#2855,67.1,22.1);
#2857=CARTESIAN_POINT('',(579.02885683,416.5,123.514670222));
#2858=VERTEX_POINT('',#2857);
#2859=CARTESIAN_POINT('',(559.889695406,405.45,123.514670222));
#2860=DIRECTION('',(0.5,-0.866025404,-0.));
#2861=DIRECTION('',(-0.866025404,-0.5,0.));
#2862=AXIS2_PLACEMENT_3D('',#2859,#2860,#2861);
#2863=CIRCLE('',#2862,22.1);
#2864=EDGE_CURVE('',#2858,#1959,#2863,.T.);
#2865=ORIENTED_EDGE('',*,*,#2864,.T.);
#2866=ORIENTED_EDGE('',*,*,#1965,.T.);
#2867=ORIENTED_EDGE('',*,*,#1998,.T.);
#2868=ORIENTED_EDGE('',*,*,#2744,.T.);
#2869=CARTESIAN_POINT('',(618.,439.,123.514670222));
#2870=DIRECTION('',(0.,0.,1.));
#2871=DIRECTION('',(1.,0.,-0.));
#2872=AXIS2_PLACEMENT_3D('',#2869,#2870,#2871);
#2873=CIRCLE('',#2872,45.);
#2874=EDGE_CURVE('',#2858,#2719,#2873,.T.);
#2875=ORIENTED_EDGE('',*,*,#2874,.F.);
#2876=EDGE_LOOP('',(#2865,#2866,#2867,#2868,#2875));
#2877=FACE_BOUND('',#2876,.T.);
#2878=ADVANCED_FACE('',(#2877),#2856,.T.);
#2879=CARTESIAN_POINT('',(618.,439.,123.514670222));
#2880=DIRECTION('',(0.,0.,1.));
#2881=DIRECTION('',(-0.866025404,-0.5,0.));
#2882=AXIS2_PLACEMENT_3D('',#2879,#2880,#2881);
#2883=TOROIDAL_SURFACE('',#2882,50.,5.);
#2884=CARTESIAN_POINT('',(578.162831426,416.,120.514670222));
#2885=VERTEX_POINT('',#2884);
#2886=CARTESIAN_POINT('',(574.698729811,414.,123.514670222));
#2887=DIRECTION('',(0.5,-0.866025404,-0.));
#2888=DIRECTION('',(-0.866025404,-0.5,0.));
#2889=AXIS2_PLACEMENT_3D('',#2886,#2887,#2888);
#2890=CIRCLE('',#2889,5.);
#2891=EDGE_CURVE('',#2885,#2858,#2890,.T.);
#2892=ORIENTED_EDGE('',*,*,#2891,.T.);
#2893=ORIENTED_EDGE('',*,*,#2874,.T.);
#2894=ORIENTED_EDGE('',*,*,#2737,.T.);
#2895=CARTESIAN_POINT('',(618.,439.,120.514670222));
#2896=DIRECTION('',(0.,0.,1.));
#2897=DIRECTION('',(1.,0.,-0.));
#2898=AXIS2_PLACEMENT_3D('',#2895,#2896,#2897);
#2899=CIRCLE('',#2898,46.);
#2900=EDGE_CURVE('',#2885,#2710,#2899,.T.);
#2901=ORIENTED_EDGE('',*,*,#2900,.F.);
#2902=EDGE_LOOP('',(#2892,#2893,#2894,#2901));
#2903=FACE_BOUND('',#2902,.T.);
#2904=ADVANCED_FACE('',(#2903),#2883,.T.);
#2905=CARTESIAN_POINT('',(618.,439.,119.014670222));
#2906=DIRECTION('',(0.,0.,1.));
#2907=DIRECTION('',(0.,-1.,0.));
#2908=AXIS2_PLACEMENT_3D('',#2905,#2906,#2907);
#2909=CYLINDRICAL_SURFACE('',#2908,46.);
#2910=CARTESIAN_POINT('',(572.027435638,440.58849803,117.514670222));
#2911=VERTEX_POINT('',#2910);
#2912=CARTESIAN_POINT('',(572.056803057,441.285312812,120.514670222));
#2913=VERTEX_POINT('',#2912);
#2914=CARTESIAN_POINT('',(572.027435638,440.58849803,117.514670222));
#2915=CARTESIAN_POINT('',(572.035000933,440.807444489,118.520158049));
#2916=CARTESIAN_POINT('',(572.044599604,441.039978511,119.521025323));
#2917=CARTESIAN_POINT('',(572.056803057,441.285312812,120.514670222));
#2918=B_SPLINE_CURVE_WITH_KNOTS('',3,(#2914,#2915,#2916,#2917),.UNSPECIFIED.,.F.,.F.,(4,4),(2.632494191,2.915774067),.UNSPECIFIED.);
#2919=EDGE_CURVE('',#2911,#2913,#2918,.T.);
#2920=ORIENTED_EDGE('',*,*,#2919,.T.);
#2921=CARTESIAN_POINT('',(618.,439.,120.514670222));
#2922=DIRECTION('',(0.,0.,1.));
#2923=DIRECTION('',(1.,0.,-0.));
#2924=AXIS2_PLACEMENT_3D('',#2921,#2922,#2923);
#2925=CIRCLE('',#2924,46.);
#2926=EDGE_CURVE('',#2913,#2885,#2925,.T.);
#2927=ORIENTED_EDGE('',*,*,#2926,.T.);
#2928=ORIENTED_EDGE('',*,*,#2900,.T.);
#2929=ORIENTED_EDGE('',*,*,#2716,.T.);
#2930=CARTESIAN_POINT('',(618.,439.,117.514670222));
#2931=DIRECTION('',(0.,0.,1.));
#2932=DIRECTION('',(1.,0.,-0.));
#2933=AXIS2_PLACEMENT_3D('',#2930,#2931,#2932);
#2934=CIRCLE('',#2933,46.);
#2935=EDGE_CURVE('',#2911,#2702,#2934,.T.);
#2936=ORIENTED_EDGE('',*,*,#2935,.F.);
#2937=EDGE_LOOP('',(#2920,#2927,#2928,#2929,#2936));
#2938=FACE_BOUND('',#2937,.T.);
#2939=ADVANCED_FACE('',(#2938),#2909,.F.);
#2940=CARTESIAN_POINT('',(618.,397.,117.514670222));
#2941=DIRECTION('',(0.,0.,1.));
#2942=DIRECTION('',(1.,0.,0.));
#2943=AXIS2_PLACEMENT_3D('',#2940,#2941,#2942);
#2944=PLANE('',#2943);
#2945=CARTESIAN_POINT('',(576.066279403,441.358617575,117.514670222));
#2946=CARTESIAN_POINT('',(574.096653609,440.853520453,117.514670222));
#2947=CARTESIAN_POINT('',(572.027435638,440.58849803,117.514670222));
#2948=(BOUNDED_CURVE()
B_SPLINE_CURVE(2,(#2945,#2946,#2947),.UNSPECIFIED.,.F.,.F.)
B_SPLINE_CURVE_WITH_KNOTS((3,3),(219.727646239,226.875255223),.UNSPECIFIED.)
CURVE()
GEOMETRIC_REPRESENTATION_ITEM()
RATIONAL_B_SPLINE_CURVE((1.,0.998055332,1.))
REPRESENTATION_ITEM(''));
#2949=EDGE_CURVE('',#1539,#2911,#2948,.T.);
#2950=ORIENTED_EDGE('',*,*,#2949,.T.);
#2951=ORIENTED_EDGE('',*,*,#2935,.T.);
#2952=ORIENTED_EDGE('',*,*,#2707,.T.);
#2953=ORIENTED_EDGE('',*,*,#1563,.F.);
#2954=EDGE_LOOP('',(#2950,#2951,#2952,#2953));
#2955=FACE_BOUND('',#2954,.T.);
#2956=ADVANCED_FACE('',(#2955),#2944,.T.);
#2957=CARTESIAN_POINT('',(580.170939447,460.840618293,92.55231474));
#2958=DIRECTION('',(-0.496731765,0.286788218,0.819152044));
#2959=DIRECTION('',(-0.70940648,0.409576022,-0.573576436));
#2960=AXIS2_PLACEMENT_3D('',#2957,#2958,#2959);
#2961=CONICAL_SURFACE('',#2960,24.217956346,9.648045316);
#2962=CARTESIAN_POINT('',(573.932051029,443.351977985,126.053485344));
#2963=CARTESIAN_POINT('',(574.050802864,443.4091891,126.105466335));
#2964=CARTESIAN_POINT('',(574.174944411,443.463388426,126.139264547));
#2965=CARTESIAN_POINT('',(574.303572107,443.515112823,126.157868317));
#2966=CARTESIAN_POINT('',(574.432199803,443.56683722,126.176472087));
#2967=CARTESIAN_POINT('',(574.565974409,443.616186192,126.1793778));
#2968=CARTESIAN_POINT('',(574.697926383,443.66065229,126.167351425));
#2969=CARTESIAN_POINT('',(574.763902369,443.68288534,126.161338237));
#2970=CARTESIAN_POINT('',(574.829817305,443.704047425,126.151627298));
#2971=CARTESIAN_POINT('',(574.895682678,443.724073441,126.1381292));
#2972=CARTESIAN_POINT('',(574.96154805,443.744099456,126.124631103));
#2973=CARTESIAN_POINT('',(575.027768152,443.763090347,126.10718936));
#2974=CARTESIAN_POINT('',(575.092437494,443.780398717,126.086150935));
#2975=CARTESIAN_POINT('',(575.221776177,443.815015456,126.044074085));
#2976=CARTESIAN_POINT('',(575.345733724,443.843181297,125.987568056));
#2977=CARTESIAN_POINT('',(575.46409944,443.864102052,125.915814567));
#2978=CARTESIAN_POINT('',(575.523282298,443.87456243,125.879937822));
#2979=CARTESIAN_POINT('',(575.581495556,443.883266481,125.839922956));
#2980=CARTESIAN_POINT('',(575.636739745,443.889827277,125.797034454));
#2981=CARTESIAN_POINT('',(575.691983934,443.896388074,125.754145952));
#2982=CARTESIAN_POINT('',(575.744468377,443.900870059,125.708337451));
#2983=CARTESIAN_POINT('',(575.794157222,443.903199985,125.659568782));
#2984=CARTESIAN_POINT('',(575.843846068,443.905529911,125.610800113));
#2985=CARTESIAN_POINT('',(575.890743358,443.905711133,125.559075569));
#2986=CARTESIAN_POINT('',(575.9345795,443.903497935,125.504107839));
#2987=CARTESIAN_POINT('',(575.978415642,443.901284737,125.44914011));
#2988=CARTESIAN_POINT('',(576.019114999,443.896596111,125.390790727));
#2989=CARTESIAN_POINT('',(576.054966604,443.889480895,125.331160499));
#2990=CARTESIAN_POINT('',(576.126669813,443.875250464,125.211900042));
#2991=CARTESIAN_POINT('',(576.181508579,443.851323657,125.08478421));
#2992=CARTESIAN_POINT('',(576.217286858,443.817720486,124.952121751));
#2993=CARTESIAN_POINT('',(576.235175998,443.800918901,124.885790522));
#2994=CARTESIAN_POINT('',(576.247903001,443.782044589,124.819456188));
#2995=CARTESIAN_POINT('',(576.255551677,443.761165507,124.753108149));
#2996=CARTESIAN_POINT('',(576.263200354,443.740286425,124.68676011));
#2997=CARTESIAN_POINT('',(576.265722982,443.716968532,124.619243837));
#2998=CARTESIAN_POINT('',(576.262964902,443.692445893,124.554006738));
#2999=B_SPLINE_CURVE_WITH_KNOTS('',3,(#2962,#2963,#2964,#2965,#2966,#2967,#2968,#2969,#2970,#2971,#2972,#2973,#2974,#2975,#2976,#2977,#2978,#2979,#2980,#2981,#2982,#2983,#2984,#2985,#2986,#2987,
#2988,#2989,#2990,#2991,#2992,#2993,#2994,#2995,#2996,#2997,#2998),.UNSPECIFIED.,.F.,.F.,(4,3,3,3,3,3,3,3,3,3,3,3,4),(0.,0.000418486,0.000836972,0.001046216,0.001255459,0.001673945,0.001883188,0.002092431,0.002301674,0.002510917,0.002929403,0.003138647,0.00334789),.UNSPECIFIED.);
#3000=EDGE_CURVE('',#2485,#1530,#2999,.T.);
#3001=ORIENTED_EDGE('',*,*,#3000,.F.);
#3002=ORIENTED_EDGE('',*,*,#2491,.F.);
#3003=CARTESIAN_POINT('',(573.122871421,442.323150692,123.514670222));
#3004=VERTEX_POINT('',#3003);
#3005=CARTESIAN_POINT('',(573.122871421,442.323150692,123.514670222));
#3006=CARTESIAN_POINT('',(573.138625123,442.535894855,124.23294743));
#3007=CARTESIAN_POINT('',(573.120831164,442.747367328,124.950748206));
#3008=CARTESIAN_POINT('',(573.068365453,442.953885596,125.669122202));
#3009=B_SPLINE_CURVE_WITH_KNOTS('',3,(#3005,#3006,#3007,#3008),.UNSPECIFIED.,.F.,.F.,(4,4),(0.,0.002245542),.UNSPECIFIED.);
#3010=EDGE_CURVE('',#3004,#2476,#3009,.T.);
#3011=ORIENTED_EDGE('',*,*,#3010,.F.);
#3012=CARTESIAN_POINT('',(572.056803057,441.285312812,120.514670222));
#3013=CARTESIAN_POINT('',(572.390340425,441.450936527,120.947866482));
#3014=CARTESIAN_POINT('',(572.64619065,441.626452091,121.417936062));
#3015=CARTESIAN_POINT('',(572.827771899,441.805025495,121.925598817));
#3016=CARTESIAN_POINT('',(572.873167212,441.849668846,122.052514506));
#3017=CARTESIAN_POINT('',(572.91386493,441.894629575,122.182234059));
#3018=CARTESIAN_POINT('',(572.949120401,441.939018995,122.312610104));
#3019=CARTESIAN_POINT('',(572.984375872,441.983408414,122.442986148));
#3020=CARTESIAN_POINT('',(573.014349951,442.027356898,122.574376968));
#3021=CARTESIAN_POINT('',(573.039047153,442.070739994,122.706822002));
#3022=CARTESIAN_POINT('',(573.088441558,442.157506184,122.971712071));
#3023=CARTESIAN_POINT('',(573.11686451,442.242031013,123.240790007));
#3024=CARTESIAN_POINT('',(573.122871421,442.323150692,123.514670222));
#3025=B_SPLINE_CURVE_WITH_KNOTS('',3,(#3012,#3013,#3014,#3015,#3016,#3017,#3018,#3019,#3020,#3021,#3022,#3023,#3024),.UNSPECIFIED.,.F.,.F.,(4,3,3,3,4),(0.,0.001689443,0.002111804,0.002534164,0.003378886),.UNSPECIFIED.);
#3026=EDGE_CURVE('',#2913,#3004,#3025,.T.);
#3027=ORIENTED_EDGE('',*,*,#3026,.F.);
#3028=ORIENTED_EDGE('',*,*,#2919,.F.);
#3029=ORIENTED_EDGE('',*,*,#2949,.F.);
#3030=ORIENTED_EDGE('',*,*,#1554,.F.);
#3031=EDGE_LOOP('',(#3001,#3002,#3011,#3027,#3028,#3029,#3030));
#3032=FACE_BOUND('',#3031,.T.);
#3033=ADVANCED_FACE('',(#3032),#2961,.T.);
#3034=CARTESIAN_POINT('',(580.170939447,460.840618293,92.55231474));
#3035=DIRECTION('',(-0.496731765,0.286788218,0.819152044));
#3036=DIRECTION('',(-0.70940648,0.409576022,-0.573576436));
#3037=AXIS2_PLACEMENT_3D('',#3034,#3035,#3036);
#3038=CONICAL_SURFACE('',#3037,24.217956346,9.648045316);
#3039=CARTESIAN_POINT('',(574.67727385,464.012387605,65.));
#3040=VERTEX_POINT('',#3039);
#3041=CARTESIAN_POINT('',(547.232533097,479.857616066,97.082202506));
#3042=DIRECTION('',(0.608599244,-0.351374937,-0.711437006));
#3043=VECTOR('',#3042,45.094930731);
#3044=LINE('',#3041,#3043);
#3045=EDGE_CURVE('',#2460,#3040,#3044,.T.);
#3046=ORIENTED_EDGE('',*,*,#3045,.T.);
#3047=CARTESIAN_POINT('',(594.516970759,452.557933253,65.));
#3048=DIRECTION('',(-0.,-0.,-1.));
#3049=DIRECTION('',(-0.866025404,0.5,0.));
#3050=AXIS2_PLACEMENT_3D('',#3047,#3048,#3049);
#3051=ELLIPSE('',#3050,22.908908703,18.632454463);
#3052=EDGE_CURVE('',#650,#3040,#3051,.T.);
#3053=ORIENTED_EDGE('',*,*,#3052,.F.);
#3054=ORIENTED_EDGE('',*,*,#716,.F.);
#3055=ORIENTED_EDGE('',*,*,#2473,.F.);
#3056=EDGE_LOOP('',(#3046,#3053,#3054,#3055));
#3057=FACE_BOUND('',#3056,.T.);
#3058=ADVANCED_FACE('',(#3057),#3038,.T.);
#3059=CARTESIAN_POINT('',(580.170939447,460.840618293,92.55231474));
#3060=DIRECTION('',(-0.496731765,0.286788218,0.819152044));
#3061=DIRECTION('',(-0.70940648,0.409576022,-0.573576436));
#3062=AXIS2_PLACEMENT_3D('',#3059,#3060,#3061);
#3063=CONICAL_SURFACE('',#3062,24.217956346,9.648045316);
#3064=CARTESIAN_POINT('',(593.067705111,472.799109714,124.554006716));
#3065=CARTESIAN_POINT('',(593.02740424,472.769378741,124.686401069));
#3066=CARTESIAN_POINT('',(592.98363576,472.761904321,124.818637627));
#3067=CARTESIAN_POINT('',(592.936834123,472.775893766,124.950825198));
#3068=CARTESIAN_POINT('',(592.890032487,472.789883211,125.083012769));
#3069=CARTESIAN_POINT('',(592.841817944,472.825191196,125.210436828));
#3070=CARTESIAN_POINT('',(592.793438267,472.880306813,125.330243555));
#3071=CARTESIAN_POINT('',(592.696678913,472.990538048,125.569857008));
#3072=CARTESIAN_POINT('',(592.602014819,473.178678121,125.771712135));
#3073=CARTESIAN_POINT('',(592.520006718,473.404052732,125.915121557));
#3074=CARTESIAN_POINT('',(592.479002668,473.516740037,125.986826267));
#3075=CARTESIAN_POINT('',(592.440485754,473.641217888,126.044700686));
#3076=CARTESIAN_POINT('',(592.406003678,473.769855742,126.086468834));
#3077=CARTESIAN_POINT('',(592.371521602,473.898493596,126.128236981));
#3078=CARTESIAN_POINT('',(592.34021305,474.033716362,126.15532718));
#3079=CARTESIAN_POINT('',(592.312656711,474.170695604,126.16737285));
#3080=CARTESIAN_POINT('',(592.285100372,474.307674846,126.179418519));
#3081=CARTESIAN_POINT('',(592.261500211,474.44493184,126.176630797));
#3082=CARTESIAN_POINT('',(592.241898888,474.582451188,126.158164052));
#3083=CARTESIAN_POINT('',(592.222297565,474.719970536,126.139697308));
#3084=CARTESIAN_POINT('',(592.206779445,474.858562232,126.104661365));
#3085=CARTESIAN_POINT('',(592.197101951,474.987975271,126.053484964));
#3086=B_SPLINE_CURVE_WITH_KNOTS('',3,(#3064,#3065,#3066,#3067,#3068,#3069,#3070,#3071,#3072,#3073,#3074,#3075,#3076,#3077,#3078,#3079,#3080,#3081,#3082,#3083,#3084,#3085),.UNSPECIFIED.,.F.,.F.,(4,3,3,3,3,3,3,4),(0.,0.00041845,0.000836899,0.001673798,0.002092248,0.002510697,0.002929147,0.003347597),.UNSPECIFIED.);
#3087=EDGE_CURVE('',#1390,#2436,#3086,.T.);
#3088=ORIENTED_EDGE('',*,*,#3087,.F.);
#3089=ORIENTED_EDGE('',*,*,#1396,.F.);
#3090=CARTESIAN_POINT('',(593.638038171,478.0191596,117.514670222));
#3091=VERTEX_POINT('',#3090);
#3092=CARTESIAN_POINT('',(593.638038171,478.0191596,117.514670222));
#3093=CARTESIAN_POINT('',(594.443131006,476.094653059,117.514670222));
#3094=CARTESIAN_POINT('',(594.990516963,474.136358525,117.514670222));
#3095=(BOUNDED_CURVE()
B_SPLINE_CURVE(2,(#3092,#3093,#3094),.UNSPECIFIED.,.F.,.F.)
B_SPLINE_CURVE_WITH_KNOTS((3,3),(133.124744777,140.272353761),.UNSPECIFIED.)
CURVE()
GEOMETRIC_REPRESENTATION_ITEM()
RATIONAL_B_SPLINE_CURVE((1.,0.998055332,1.))
REPRESENTATION_ITEM(''));
#3096=EDGE_CURVE('',#3091,#1381,#3095,.T.);
#3097=ORIENTED_EDGE('',*,*,#3096,.F.);
#3098=CARTESIAN_POINT('',(593.049262578,477.645319278,120.514670222));
#3099=VERTEX_POINT('',#3098);
#3100=CARTESIAN_POINT('',(593.049262578,477.645319278,120.514670222));
#3101=CARTESIAN_POINT('',(593.256212033,477.778932911,119.5182064));
#3102=CARTESIAN_POINT('',(593.452747545,477.903471737,118.517236654));
#3103=CARTESIAN_POINT('',(593.638038171,478.0191596,117.514670222));
#3104=B_SPLINE_CURVE_WITH_KNOTS('',3,(#3100,#3101,#3102,#3103),.UNSPECIFIED.,.F.,.F.,(4,4),(1.540645579,1.822756065),.UNSPECIFIED.);
#3105=EDGE_CURVE('',#3099,#3091,#3104,.T.);
#3106=ORIENTED_EDGE('',*,*,#3105,.F.);
#3107=CARTESIAN_POINT('',(592.683502791,476.203158052,123.514670222));
#3108=CARTESIAN_POINT('',(592.750766993,476.248930887,123.240725027));
#3109=CARTESIAN_POINT('',(592.809573903,476.315689885,122.972374197));
#3110=CARTESIAN_POINT('',(592.859795448,476.401293114,122.708865376));
#3111=CARTESIAN_POINT('',(592.910016994,476.486896342,122.445356555));
#3112=CARTESIAN_POINT('',(592.951651011,476.591373842,122.186699571));
#3113=CARTESIAN_POINT('',(592.983778369,476.714384635,121.932610211));
#3114=CARTESIAN_POINT('',(592.999842049,476.775890031,121.805565531));
#3115=CARTESIAN_POINT('',(593.013521121,476.842231786,121.679425481));
#3116=CARTESIAN_POINT('',(593.024486639,476.912247029,121.556248877));
#3117=CARTESIAN_POINT('',(593.035452156,476.982262273,121.433072273));
#3118=CARTESIAN_POINT('',(593.043770001,477.05614317,121.312416886));
#3119=CARTESIAN_POINT('',(593.049367163,477.133806897,121.194223964));
#3120=CARTESIAN_POINT('',(593.060561488,477.289134352,120.95783812));
#3121=CARTESIAN_POINT('',(593.060928529,477.459506844,120.731245727));
#3122=CARTESIAN_POINT('',(593.049262578,477.645319278,120.514670222));
#3123=B_SPLINE_CURVE_WITH_KNOTS('',3,(#3107,#3108,#3109,#3110,#3111,#3112,#3113,#3114,#3115,#3116,#3117,#3118,#3119,#3120,#3121,#3122),.UNSPECIFIED.,.F.,.F.,(4,3,3,3,3,4),(0.,0.000844634,0.001689267,0.002111584,0.002533901,0.003378534),.UNSPECIFIED.);
#3124=EDGE_CURVE('',#2395,#3099,#3123,.T.);
#3125=ORIENTED_EDGE('',*,*,#3124,.F.);
#3126=ORIENTED_EDGE('',*,*,#2401,.F.);
#3127=ORIENTED_EDGE('',*,*,#2450,.F.);
#3128=EDGE_LOOP('',(#3088,#3089,#3097,#3106,#3125,#3126,#3127));
#3129=FACE_BOUND('',#3128,.T.);
#3130=ADVANCED_FACE('',(#3129),#3063,.T.);
#3131=CARTESIAN_POINT('',(618.,439.,123.514670222));
#3132=DIRECTION('',(0.,0.,1.));
#3133=DIRECTION('',(1.,0.,-0.));
#3134=AXIS2_PLACEMENT_3D('',#3131,#3132,#3133);
#3135=TOROIDAL_SURFACE('',#3134,50.,5.);
#3136=CARTESIAN_POINT('',(642.950737422,477.645319278,120.514670222));
#3137=VERTEX_POINT('',#3136);
#3138=CARTESIAN_POINT('',(642.950737422,477.645319278,120.514670222));
#3139=CARTESIAN_POINT('',(642.927403083,477.273655587,120.947866482));
#3140=CARTESIAN_POINT('',(642.951478907,476.96432501,121.417936062));
#3141=CARTESIAN_POINT('',(643.015337387,476.717784333,121.925598817));
#3142=CARTESIAN_POINT('',(643.031302007,476.656149164,122.052514506));
#3143=CARTESIAN_POINT('',(643.049890282,476.598423542,122.182234059));
#3144=CARTESIAN_POINT('',(643.070704911,476.545696698,122.312610104));
#3145=CARTESIAN_POINT('',(643.09151954,476.492969855,122.442986148));
#3146=CARTESIAN_POINT('',(643.114593005,476.445037299,122.574376968));
#3147=CARTESIAN_POINT('',(643.139815266,476.401957347,122.706822002));
#3148=CARTESIAN_POINT('',(643.190259789,476.315797442,122.971712071));
#3149=CARTESIAN_POINT('',(643.249248962,476.248920029,123.240790007));
#3150=CARTESIAN_POINT('',(643.316497209,476.203158052,123.514670222));
#3151=B_SPLINE_CURVE_WITH_KNOTS('',3,(#3138,#3139,#3140,#3141,#3142,#3143,#3144,#3145,#3146,#3147,#3148,#3149,#3150),.UNSPECIFIED.,.F.,.F.,(4,3,3,3,4),(0.,0.001689443,0.002111804,0.002534164,0.003378886),.UNSPECIFIED.);
#3152=EDGE_CURVE('',#3137,#2358,#3151,.T.);
#3153=ORIENTED_EDGE('',*,*,#3152,.T.);
#3154=ORIENTED_EDGE('',*,*,#2408,.T.);
#3155=ORIENTED_EDGE('',*,*,#3124,.T.);
#3156=CARTESIAN_POINT('',(618.,485.,120.514670222));
#3157=VERTEX_POINT('',#3156);
#3158=CARTESIAN_POINT('',(618.,439.,120.514670222));
#3159=DIRECTION('',(0.,0.,1.));
#3160=DIRECTION('',(1.,0.,-0.));
#3161=AXIS2_PLACEMENT_3D('',#3158,#3159,#3160);
#3162=CIRCLE('',#3161,46.);
#3163=EDGE_CURVE('',#3157,#3099,#3162,.T.);
#3164=ORIENTED_EDGE('',*,*,#3163,.F.);
#3165=CARTESIAN_POINT('',(618.,439.,120.514670222));
#3166=DIRECTION('',(0.,0.,1.));
#3167=DIRECTION('',(1.,0.,-0.));
#3168=AXIS2_PLACEMENT_3D('',#3165,#3166,#3167);
#3169=CIRCLE('',#3168,46.);
#3170=EDGE_CURVE('',#3137,#3157,#3169,.T.);
#3171=ORIENTED_EDGE('',*,*,#3170,.F.);
#3172=EDGE_LOOP('',(#3153,#3154,#3155,#3164,#3171));
#3173=FACE_BOUND('',#3172,.T.);
#3174=ADVANCED_FACE('',(#3173),#3135,.T.);
#3175=CARTESIAN_POINT('',(618.,439.,119.014670222));
#3176=DIRECTION('',(0.,-0.,1.));
#3177=DIRECTION('',(0.,1.,0.));
#3178=AXIS2_PLACEMENT_3D('',#3175,#3176,#3177);
#3179=CYLINDRICAL_SURFACE('',#3178,46.);
#3180=CARTESIAN_POINT('',(618.,485.,117.514670222));
#3181=VERTEX_POINT('',#3180);
#3182=CARTESIAN_POINT('',(618.,485.,120.514670222));
#3183=DIRECTION('',(-0.,-0.,-1.));
#3184=VECTOR('',#3183,3.);
#3185=LINE('',#3182,#3184);
#3186=EDGE_CURVE('',#3157,#3181,#3185,.T.);
#3187=ORIENTED_EDGE('',*,*,#3186,.F.);
#3188=ORIENTED_EDGE('',*,*,#3163,.T.);
#3189=ORIENTED_EDGE('',*,*,#3105,.T.);
#3190=CARTESIAN_POINT('',(618.,439.,117.514670222));
#3191=DIRECTION('',(0.,0.,1.));
#3192=DIRECTION('',(1.,0.,-0.));
#3193=AXIS2_PLACEMENT_3D('',#3190,#3191,#3192);
#3194=CIRCLE('',#3193,46.);
#3195=EDGE_CURVE('',#3181,#3091,#3194,.T.);
#3196=ORIENTED_EDGE('',*,*,#3195,.F.);
#3197=EDGE_LOOP('',(#3187,#3188,#3189,#3196));
#3198=FACE_BOUND('',#3197,.T.);
#3199=ADVANCED_FACE('',(#3198),#3179,.F.);
#3200=CARTESIAN_POINT('',(618.,397.,117.514670222));
#3201=DIRECTION('',(0.,0.,1.));
#3202=DIRECTION('',(1.,0.,0.));
#3203=AXIS2_PLACEMENT_3D('',#3200,#3201,#3202);
#3204=PLANE('',#3203);
#3205=CARTESIAN_POINT('',(642.361961829,478.0191596,117.514670222));
#3206=VERTEX_POINT('',#3205);
#3207=CARTESIAN_POINT('',(641.009483037,474.136358525,117.514670222));
#3208=CARTESIAN_POINT('',(641.556868994,476.094653059,117.514670222));
#3209=CARTESIAN_POINT('',(642.361961829,478.0191596,117.514670222));
#3210=(BOUNDED_CURVE()
B_SPLINE_CURVE(2,(#3207,#3208,#3209),.UNSPECIFIED.,.F.,.F.)
B_SPLINE_CURVE_WITH_KNOTS((3,3),(219.727646239,226.875255223),.UNSPECIFIED.)
CURVE()
GEOMETRIC_REPRESENTATION_ITEM()
RATIONAL_B_SPLINE_CURVE((1.,0.998055332,1.))
REPRESENTATION_ITEM(''));
#3211=EDGE_CURVE('',#1363,#3206,#3210,.T.);
#3212=ORIENTED_EDGE('',*,*,#3211,.T.);
#3213=CARTESIAN_POINT('',(618.,439.,117.514670222));
#3214=DIRECTION('',(0.,0.,1.));
#3215=DIRECTION('',(1.,0.,-0.));
#3216=AXIS2_PLACEMENT_3D('',#3213,#3214,#3215);
#3217=CIRCLE('',#3216,46.);
#3218=EDGE_CURVE('',#3206,#3181,#3217,.T.);
#3219=ORIENTED_EDGE('',*,*,#3218,.T.);
#3220=ORIENTED_EDGE('',*,*,#3195,.T.);
#3221=ORIENTED_EDGE('',*,*,#3096,.T.);
#3222=ORIENTED_EDGE('',*,*,#1387,.F.);
#3223=EDGE_LOOP('',(#3212,#3219,#3220,#3221,#3222));
#3224=FACE_BOUND('',#3223,.T.);
#3225=ADVANCED_FACE('',(#3224),#3204,.T.);
#3226=CARTESIAN_POINT('',(655.829060553,460.840618293,92.55231474));
#3227=DIRECTION('',(0.496731765,0.286788218,0.819152044));
#3228=DIRECTION('',(0.70940648,0.409576022,-0.573576436));
#3229=AXIS2_PLACEMENT_3D('',#3226,#3227,#3228);
#3230=CONICAL_SURFACE('',#3229,24.217956346,9.648045316);
#3231=CARTESIAN_POINT('',(659.737035082,443.692445892,124.554006716));
#3232=CARTESIAN_POINT('',(659.731437719,443.74221314,124.686401558));
#3233=CARTESIAN_POINT('',(659.746848915,443.78385514,124.81863859));
#3234=CARTESIAN_POINT('',(659.782364492,443.817392175,124.95082662));
#3235=CARTESIAN_POINT('',(659.81788007,443.850929211,125.08301465));
#3236=CARTESIAN_POINT('',(659.87256427,443.875030861,125.210439659));
#3237=CARTESIAN_POINT('',(659.944484733,443.889371762,125.330247261));
#3238=CARTESIAN_POINT('',(660.088325658,443.918053564,125.569862466));
#3239=CARTESIAN_POINT('',(660.298590874,443.905966647,125.771721137));
#3240=CARTESIAN_POINT('',(660.534775244,443.864300763,125.915131847));
#3241=CARTESIAN_POINT('',(660.652867429,443.843467821,125.986837201));
#3242=CARTESIAN_POINT('',(660.779927507,443.81458529,126.044711792));
#3243=CARTESIAN_POINT('',(660.908572891,443.780128192,126.086479309));
#3244=CARTESIAN_POINT('',(661.037218274,443.745671095,126.128246826));
#3245=CARTESIAN_POINT('',(661.169979426,443.705173011,126.155335675));
#3246=CARTESIAN_POINT('',(661.302385638,443.660547136,126.167379836));
#3247=CARTESIAN_POINT('',(661.43479185,443.615921261,126.179423997));
#3248=CARTESIAN_POINT('',(661.565460368,443.567730373,126.176634596));
#3249=CARTESIAN_POINT('',(661.694356586,443.515945366,126.158166494));
#3250=CARTESIAN_POINT('',(661.823252805,443.46416036,126.139698391));
#3251=CARTESIAN_POINT('',(661.951035695,443.408303331,126.104661548));
#3252=CARTESIAN_POINT('',(662.06794984,443.351977566,126.053484964));
#3253=B_SPLINE_CURVE_WITH_KNOTS('',3,(#3231,#3232,#3233,#3234,#3235,#3236,#3237,#3238,#3239,#3240,#3241,#3242,#3243,#3244,#3245,#3246,#3247,#3248,#3249,#3250,#3251,#3252),.UNSPECIFIED.,.F.,.F.,(4,3,3,3,3,3,3,4),(0.,0.000418451,0.000836902,0.001673804,0.002092255,0.002510706,0.002929158,0.003347609),.UNSPECIFIED.);
#3254=EDGE_CURVE('',#1199,#2264,#3253,.T.);
#3255=ORIENTED_EDGE('',*,*,#3254,.F.);
#3256=ORIENTED_EDGE('',*,*,#1220,.F.);
#3257=ORIENTED_EDGE('',*,*,#2657,.F.);
#3258=ORIENTED_EDGE('',*,*,#2617,.F.);
#3259=ORIENTED_EDGE('',*,*,#2593,.F.);
#3260=ORIENTED_EDGE('',*,*,#2180,.F.);
#3261=ORIENTED_EDGE('',*,*,#2278,.F.);
#3262=EDGE_LOOP('',(#3255,#3256,#3257,#3258,#3259,#3260,#3261));
#3263=FACE_BOUND('',#3262,.T.);
#3264=ADVANCED_FACE('',(#3263),#3230,.T.);
#3265=CARTESIAN_POINT('',(655.829060553,460.840618293,92.55231474));
#3266=DIRECTION('',(0.496731765,0.286788218,0.819152044));
#3267=DIRECTION('',(0.70940648,0.409576022,-0.573576436));
#3268=AXIS2_PLACEMENT_3D('',#3265,#3266,#3267);
#3269=CONICAL_SURFACE('',#3268,24.217956346,9.648045316);
#3270=CARTESIAN_POINT('',(643.802897977,474.987974309,126.053485344));
#3271=CARTESIAN_POINT('',(643.793068372,474.856527095,126.105466157));
#3272=CARTESIAN_POINT('',(643.777935357,474.72191805,126.139263435));
#3273=CARTESIAN_POINT('',(643.758415775,474.584661309,126.15786589));
#3274=CARTESIAN_POINT('',(643.738896192,474.447404569,126.176468345));
#3275=CARTESIAN_POINT('',(643.714745893,474.306878548,126.179372321));
#3276=CARTESIAN_POINT('',(643.687278264,474.170372412,126.167344398));
#3277=CARTESIAN_POINT('',(643.673544449,474.102119345,126.161330437));
#3278=CARTESIAN_POINT('',(643.658913681,474.034454608,126.151618759));
#3279=CARTESIAN_POINT('',(643.643323849,473.9674008,126.138120002));
#3280=CARTESIAN_POINT('',(643.627734016,473.900346991,126.124621245));
#3281=CARTESIAN_POINT('',(643.611070432,473.833503685,126.107178952));
#3282=CARTESIAN_POINT('',(643.593725231,473.768844804,126.086140235));
#3283=CARTESIAN_POINT('',(643.559034828,473.639527041,126.044062802));
#3284=CARTESIAN_POINT('',(643.521448445,473.518094189,125.987556853));
#3285=CARTESIAN_POINT('',(643.480383593,473.405125937,125.915803821));
#3286=CARTESIAN_POINT('',(643.459851167,473.348641811,125.879927305));
#3287=CARTESIAN_POINT('',(643.438282559,473.293875509,125.839912805));
#3288=CARTESIAN_POINT('',(643.416342491,473.242752259,125.79702495));
#3289=CARTESIAN_POINT('',(643.394402423,473.191629008,125.754137095));
#3290=CARTESIAN_POINT('',(643.372041909,473.143934994,125.708329271));
#3291=CARTESIAN_POINT('',(643.349215435,473.099737947,125.659561256));
#3292=CARTESIAN_POINT('',(643.326388961,473.055540899,125.610793242));
#3293=CARTESIAN_POINT('',(643.303097409,473.014835638,125.559069331));
#3294=CARTESIAN_POINT('',(643.279262772,472.97797854,125.504102164));
#3295=CARTESIAN_POINT('',(643.255428135,472.941121443,125.449134998));
#3296=CARTESIAN_POINT('',(643.231018115,472.908218576,125.390786207));
#3297=CARTESIAN_POINT('',(643.206930474,472.880727296,125.331156534));
#3298=CARTESIAN_POINT('',(643.158755193,472.825744736,125.211897186));
#3299=CARTESIAN_POINT('',(643.110614772,472.790215438,125.084782276));
#3300=CARTESIAN_POINT('',(643.063624523,472.776031555,124.952120315));
#3301=CARTESIAN_POINT('',(643.040129398,472.768939613,124.885789335));
#3302=CARTESIAN_POINT('',(643.017420322,472.767354684,124.819455245));
#3303=CARTESIAN_POINT('',(642.995514234,472.771170166,124.753107445));
#3304=CARTESIAN_POINT('',(642.973608146,472.774985648,124.686759646));
#3305=CARTESIAN_POINT('',(642.952153014,472.784459893,124.619243598));
#3306=CARTESIAN_POINT('',(642.932294899,472.799109727,124.554006738));
#3307=B_SPLINE_CURVE_WITH_KNOTS('',3,(#3270,#3271,#3272,#3273,#3274,#3275,#3276,#3277,#3278,#3279,#3280,#3281,#3282,#3283,#3284,#3285,#3286,#3287,#3288,#3289,#3290,#3291,#3292,#3293,#3294,#3295,
#3296,#3297,#3298,#3299,#3300,#3301,#3302,#3303,#3304,#3305,#3306),.UNSPECIFIED.,.F.,.F.,(4,3,3,3,3,3,3,3,3,3,3,3,4),(0.,0.000418485,0.000836969,0.001046212,0.001255454,0.001673939,0.001883181,0.002092423,0.002301666,0.002510908,0.002929393,0.003138635,0.003347877),.UNSPECIFIED.);
#3308=EDGE_CURVE('',#2305,#1354,#3307,.T.);
#3309=ORIENTED_EDGE('',*,*,#3308,.F.);
#3310=ORIENTED_EDGE('',*,*,#2311,.F.);
#3311=ORIENTED_EDGE('',*,*,#2364,.F.);
#3312=ORIENTED_EDGE('',*,*,#3152,.F.);
#3313=CARTESIAN_POINT('',(642.361961829,478.0191596,117.514670222));
#3314=CARTESIAN_POINT('',(642.547252507,477.903471705,118.517236933));
#3315=CARTESIAN_POINT('',(642.743787969,477.77893291,119.518206408));
#3316=CARTESIAN_POINT('',(642.950737422,477.645319278,120.514670222));
#3317=B_SPLINE_CURVE_WITH_KNOTS('',3,(#3313,#3314,#3315,#3316),.UNSPECIFIED.,.F.,.F.,(4,4),(1.473224218,1.755335481),.UNSPECIFIED.);
#3318=EDGE_CURVE('',#3206,#3137,#3317,.T.);
#3319=ORIENTED_EDGE('',*,*,#3318,.F.);
#3320=ORIENTED_EDGE('',*,*,#3211,.F.);
#3321=ORIENTED_EDGE('',*,*,#1378,.F.);
#3322=EDGE_LOOP('',(#3309,#3310,#3311,#3312,#3319,#3320,#3321));
#3323=FACE_BOUND('',#3322,.T.);
#3324=ADVANCED_FACE('',(#3323),#3269,.T.);
#3325=CARTESIAN_POINT('',(655.829060553,460.840618293,92.55231474));
#3326=DIRECTION('',(0.496731765,0.286788218,0.819152044));
#3327=DIRECTION('',(0.70940648,0.409576022,-0.573576436));
#3328=AXIS2_PLACEMENT_3D('',#3325,#3326,#3327);
#3329=CONICAL_SURFACE('',#3328,24.217956346,9.648045316);
#3330=CARTESIAN_POINT('',(688.767466903,479.857616066,97.082202506));
#3331=DIRECTION('',(-0.608599244,-0.351374937,-0.711437006));
#3332=VECTOR('',#3331,45.094930731);
#3333=LINE('',#3330,#3332);
#3334=EDGE_CURVE('',#2288,#1918,#3333,.T.);
#3335=ORIENTED_EDGE('',*,*,#3334,.T.);
#3336=ORIENTED_EDGE('',*,*,#1924,.F.);
#3337=ORIENTED_EDGE('',*,*,#902,.F.);
#3338=ORIENTED_EDGE('',*,*,#2301,.F.);
#3339=EDGE_LOOP('',(#3335,#3336,#3337,#3338));
#3340=FACE_BOUND('',#3339,.T.);
#3341=ADVANCED_FACE('',(#3340),#3329,.T.);
#3342=CARTESIAN_POINT('',(635.635219967,400.881775793,124.824756055));
#3343=CARTESIAN_POINT('',(633.947529159,400.100973453,124.258506525));
#3344=CARTESIAN_POINT('',(632.207915759,399.432423857,123.773664363));
#3345=CARTESIAN_POINT('',(630.431684936,398.882008903,123.374495209));
#3346=CARTESIAN_POINT('',(630.431670709,398.882004495,123.374492012));
#3347=CARTESIAN_POINT('',(630.431656482,398.882000086,123.374488815));
#3348=CARTESIAN_POINT('',(630.431642255,398.881995677,123.374485618));
#3349=CARTESIAN_POINT('',(635.635219965,400.881775792,124.824756061));
#3350=CARTESIAN_POINT('',(633.947529157,400.100973453,124.258506531));
#3351=CARTESIAN_POINT('',(632.207915758,399.432423856,123.773664369));
#3352=CARTESIAN_POINT('',(630.431684935,398.882008903,123.374495216));
#3353=CARTESIAN_POINT('',(630.431670708,398.882004494,123.374492019));
#3354=CARTESIAN_POINT('',(630.431656481,398.882000085,123.374488821));
#3355=CARTESIAN_POINT('',(630.431642253,398.881995677,123.374485624));
#3356=CARTESIAN_POINT('',(635.635219964,400.881775791,124.824756067));
#3357=CARTESIAN_POINT('',(633.947529156,400.100973452,124.258506538));
#3358=CARTESIAN_POINT('',(632.207915756,399.432423856,123.773664375));
#3359=CARTESIAN_POINT('',(630.431684934,398.882008902,123.374495222));
#3360=CARTESIAN_POINT('',(630.431670707,398.882004494,123.374492025));
#3361=CARTESIAN_POINT('',(630.431656479,398.882000085,123.374488828));
#3362=CARTESIAN_POINT('',(630.431642252,398.881995676,123.37448563));
#3363=CARTESIAN_POINT('',(635.635219962,400.881775791,124.824756073));
#3364=CARTESIAN_POINT('',(633.947529154,400.100973452,124.258506544));
#3365=CARTESIAN_POINT('',(632.207915755,399.432423855,123.773664382));
#3366=CARTESIAN_POINT('',(630.431684933,398.882008902,123.374495229));
#3367=CARTESIAN_POINT('',(630.431670705,398.882004493,123.374492031));
#3368=CARTESIAN_POINT('',(630.431656478,398.882000085,123.374488834));
#3369=CARTESIAN_POINT('',(630.431642251,398.881995676,123.374485637));
#3370=CARTESIAN_POINT('',(635.557750605,400.845934951,125.115083596));
#3371=CARTESIAN_POINT('',(633.874864291,400.071534412,124.552763182));
#3372=CARTESIAN_POINT('',(632.141234846,399.4088604,124.071469837));
#3373=CARTESIAN_POINT('',(630.372128349,398.863553623,123.67533302));
#3374=CARTESIAN_POINT('',(630.372114179,398.863549256,123.675329847));
#3375=CARTESIAN_POINT('',(630.372100009,398.863544888,123.675326674));
#3376=CARTESIAN_POINT('',(630.372085838,398.86354052,123.675323501));
#3377=CARTESIAN_POINT('',(635.482872625,400.603534919,125.692408853));
#3378=CARTESIAN_POINT('',(633.802888213,399.836259784,125.137885716));
#3379=CARTESIAN_POINT('',(632.073997893,399.180445379,124.663520499));
#3380=CARTESIAN_POINT('',(630.311284284,398.64113001,124.273401455));
#3381=CARTESIAN_POINT('',(630.311270165,398.64112569,124.273398331));
#3382=CARTESIAN_POINT('',(630.311256046,398.64112137,124.273395206));
#3383=CARTESIAN_POINT('',(630.311241927,398.641117051,124.273392081));
#3384=CARTESIAN_POINT('',(635.674351472,399.728627339,126.350827));
#3385=CARTESIAN_POINT('',(633.975055289,398.951582924,125.801074002));
#3386=CARTESIAN_POINT('',(632.226710676,398.287562644,125.331140295));
#3387=CARTESIAN_POINT('',(630.444400444,397.741535037,124.944658187));
#3388=CARTESIAN_POINT('',(630.444386168,397.741530664,124.944655091));
#3389=CARTESIAN_POINT('',(630.444371892,397.74152629,124.944651996));
#3390=CARTESIAN_POINT('',(630.444357617,397.741521916,124.9446489));
#3391=CARTESIAN_POINT('',(636.041822341,398.983809091,126.280185507));
#3392=CARTESIAN_POINT('',(634.312264902,398.186138655,125.721812751));
#3393=CARTESIAN_POINT('',(632.53053325,397.503603643,125.243612734));
#3394=CARTESIAN_POINT('',(630.71261653,396.941942867,124.850455378));
#3395=CARTESIAN_POINT('',(630.712601968,396.941938368,124.850452229));
#3396=CARTESIAN_POINT('',(630.712587407,396.941933869,124.85044908));
#3397=CARTESIAN_POINT('',(630.712572846,396.941929371,124.850445931));
#3398=CARTESIAN_POINT('',(636.265049247,398.660045986,126.05348414));
#3399=CARTESIAN_POINT('',(634.517083767,397.851357849,125.48723461));
#3400=CARTESIAN_POINT('',(632.715341318,397.158931482,125.002392448));
#3401=CARTESIAN_POINT('',(630.87567368,396.588858851,124.603223295));
#3402=CARTESIAN_POINT('',(630.875658945,396.588854285,124.603220098));
#3403=CARTESIAN_POINT('',(630.87564421,396.588849719,124.603216901));
#3404=CARTESIAN_POINT('',(630.875629474,396.588845153,124.603213703));
#3405=CARTESIAN_POINT('',(636.265051086,398.660043317,126.053482271));
#3406=CARTESIAN_POINT('',(634.517085455,397.85135509,125.487232677));
#3407=CARTESIAN_POINT('',(632.715342841,397.158928641,125.00239046));
#3408=CARTESIAN_POINT('',(630.875675024,396.588855941,124.603221257));
#3409=CARTESIAN_POINT('',(630.875660289,396.588851375,124.60321806));
#3410=CARTESIAN_POINT('',(630.875645553,396.588846809,124.603214863));
#3411=CARTESIAN_POINT('',(630.875630818,396.588842243,124.603211666));
#3412=CARTESIAN_POINT('',(636.265052926,398.660040649,126.053480403));
#3413=CARTESIAN_POINT('',(634.517087143,397.85135233,125.487230744));
#3414=CARTESIAN_POINT('',(632.715344364,397.1589258,125.002388472));
#3415=CARTESIAN_POINT('',(630.875676368,396.588853031,124.60321922));
#3416=CARTESIAN_POINT('',(630.875661633,396.588848465,124.603216023));
#3417=CARTESIAN_POINT('',(630.875646897,396.588843899,124.603212825));
#3418=CARTESIAN_POINT('',(630.875632162,396.588839333,124.603209628));
#3419=CARTESIAN_POINT('',(636.265054766,398.66003798,126.053478534));
#3420=CARTESIAN_POINT('',(634.517088831,397.851349571,125.48722881));
#3421=CARTESIAN_POINT('',(632.715345887,397.158922959,125.002386484));
#3422=CARTESIAN_POINT('',(630.875677712,396.588850121,124.603217182));
#3423=CARTESIAN_POINT('',(630.875662977,396.588845555,124.603213985));
#3424=CARTESIAN_POINT('',(630.875648241,396.588840989,124.603210788));
#3425=CARTESIAN_POINT('',(630.875633506,396.588836423,124.60320759));
#3426=B_SPLINE_SURFACE_WITH_KNOTS('',3,3,((#3342,#3343,#3344,#3345,#3346,#3347,#3348),(#3349,#3350,#3351,#3352,#3353,#3354,#3355),(#3356,#3357,#3358,#3359,#3360,#3361,#3362),(#3363,#3364,#3365,#3366,#3367,#3368,#3369),(#3370,#3371,#3372,#3373,#3374,#3375,#3376),(#3377,#3378,#3379,#3380,#3381,#3382,#3383),(#3384,#3385,#3386,#3387,#3388,#3389,#3390),(#3391,#3392,#3393,#3394,#3395,#3396,#3397),(#3398,#3399,#3400,#3401,#3402,#3403,#3404),(#3405,#3406,#3407,#3408,#3409,#3410,#3411),(#3412,#3413,#3414,#3415,#3416,#3417,#3418),(#3419,#3420,#3421,#3422,#3423,#3424,#3425)),.UNSPECIFIED.,.F.,.F.,.U.,(4,3,1,1,3,4),(4,3,4),(-0.000000006056,0.,0.285714286,0.571428571,1.,1.000003532),(-0.433319916,-0.30049441,-0.300493346),.UNSPECIFIED.);
#3427=ORIENTED_EDGE('',*,*,#2793,.T.);
#3428=ORIENTED_EDGE('',*,*,#1178,.T.);
#3429=CARTESIAN_POINT('',(630.487052698,398.899208112,123.38696951));
#3430=CARTESIAN_POINT('',(630.455643131,398.889427323,123.455495884));
#3431=CARTESIAN_POINT('',(630.429823449,398.875563673,123.524734318));
#3432=CARTESIAN_POINT('',(630.409668463,398.85766275,123.594718789));
#3433=CARTESIAN_POINT('',(630.389513478,398.839761826,123.66470326));
#3434=CARTESIAN_POINT('',(630.374954138,398.817559895,123.736130174));
#3435=CARTESIAN_POINT('',(630.366768029,398.79166777,123.806655135));
#3436=CARTESIAN_POINT('',(630.358581921,398.765775646,123.877180096));
#3437=CARTESIAN_POINT('',(630.3567052,398.736506376,123.946189936));
#3438=CARTESIAN_POINT('',(630.360984887,398.703968327,124.013733126));
#3439=CARTESIAN_POINT('',(630.365264574,398.671430279,124.081276317));
#3440=CARTESIAN_POINT('',(630.375929019,398.635226844,124.147921484));
#3441=CARTESIAN_POINT('',(630.392322727,398.597052048,124.210742056));
#3442=CARTESIAN_POINT('',(630.408716434,398.558877252,124.273562629));
#3443=CARTESIAN_POINT('',(630.430777694,398.518583236,124.332980047));
#3444=CARTESIAN_POINT('',(630.457810009,398.476389433,124.389385229));
#3445=CARTESIAN_POINT('',(630.484842324,398.434195631,124.445790411));
#3446=CARTESIAN_POINT('',(630.516906719,398.390120776,124.499046517));
#3447=CARTESIAN_POINT('',(630.552362491,398.345679742,124.547949278));
#3448=CARTESIAN_POINT('',(630.623274036,398.256797675,124.645754799));
#3449=CARTESIAN_POINT('',(630.709202546,398.164265979,124.728989089));
#3450=CARTESIAN_POINT('',(630.805730033,398.070512063,124.797212703));
#3451=CARTESIAN_POINT('',(630.998785007,397.883004232,124.933659932));
#3452=CARTESIAN_POINT('',(631.230163663,397.694609454,125.006464504));
#3453=CARTESIAN_POINT('',(631.470734553,397.516852816,125.02544651));
#3454=CARTESIAN_POINT('',(631.711305444,397.339096178,125.044428515));
#3455=CARTESIAN_POINT('',(631.965865805,397.168728096,125.009235922));
#3456=CARTESIAN_POINT('',(632.210282918,397.02616726,124.909429941));
#3457=B_SPLINE_CURVE_WITH_KNOTS('',3,(#3429,#3430,#3431,#3432,#3433,#3434,#3435,#3436,#3437,#3438,#3439,#3440,#3441,#3442,#3443,#3444,#3445,#3446,#3447,#3448,#3449,#3450,#3451,#3452,#3453,#3454,
#3455,#3456),.UNSPECIFIED.,.F.,.F.,(4,3,3,3,3,3,3,3,3,4),(0.,0.000224946,0.000449893,0.000674839,0.000899786,0.001124732,0.001349678,0.001799571,0.002699357,0.003599142),.UNSPECIFIED.);
#3458=EDGE_CURVE('',#1115,#2070,#3457,.T.);
#3459=ORIENTED_EDGE('',*,*,#3458,.T.);
#3460=ORIENTED_EDGE('',*,*,#2075,.T.);
#3461=EDGE_LOOP('',(#3427,#3428,#3459,#3460));
#3462=FACE_BOUND('',#3461,.T.);
#3463=ADVANCED_FACE('',(#3462),#3426,.F.);
#3464=CARTESIAN_POINT('',(605.568315541,398.882008756,123.3744951));
#3465=CARTESIAN_POINT('',(603.792083776,399.432424237,123.773664636));
#3466=CARTESIAN_POINT('',(602.052469304,400.100974032,124.258506942));
#3467=CARTESIAN_POINT('',(600.364777576,400.88177693,124.824756876));
#3468=CARTESIAN_POINT('',(605.568315542,398.882008755,123.374495107));
#3469=CARTESIAN_POINT('',(603.792083778,399.432424236,123.773664643));
#3470=CARTESIAN_POINT('',(602.052469306,400.100974032,124.258506949));
#3471=CARTESIAN_POINT('',(600.364777578,400.881776929,124.824756883));
#3472=CARTESIAN_POINT('',(605.568315544,398.882008755,123.374495114));
#3473=CARTESIAN_POINT('',(603.792083779,399.432424236,123.77366465));
#3474=CARTESIAN_POINT('',(602.052469307,400.100974031,124.258506956));
#3475=CARTESIAN_POINT('',(600.36477758,400.881776928,124.82475689));
#3476=CARTESIAN_POINT('',(605.568315545,398.882008754,123.374495121));
#3477=CARTESIAN_POINT('',(603.792083781,399.432424235,123.773664657));
#3478=CARTESIAN_POINT('',(602.052469309,400.10097403,124.258506963));
#3479=CARTESIAN_POINT('',(600.364777581,400.881776927,124.824756897));
#3480=CARTESIAN_POINT('',(605.627872191,398.863553436,123.675332904));
#3481=CARTESIAN_POINT('',(603.858764621,399.408860827,124.071470124));
#3482=CARTESIAN_POINT('',(602.125134178,400.071534986,124.552763599));
#3483=CARTESIAN_POINT('',(600.442246945,400.845936078,125.115084415));
#3484=CARTESIAN_POINT('',(605.688716291,398.641129826,124.273401251));
#3485=CARTESIAN_POINT('',(603.926001522,399.18044579,124.663520896));
#3486=CARTESIAN_POINT('',(602.19711026,399.836260352,125.137886127));
#3487=CARTESIAN_POINT('',(600.51712493,400.603536036,125.69240966));
#3488=CARTESIAN_POINT('',(605.555600074,397.74153487,124.944658063));
#3489=CARTESIAN_POINT('',(603.773288764,398.287563041,125.331140585));
#3490=CARTESIAN_POINT('',(602.024943167,398.951583498,125.801074409));
#3491=CARTESIAN_POINT('',(600.325646055,399.72862847,126.3508278));
#3492=CARTESIAN_POINT('',(605.287384152,396.941942686,124.850455004));
#3493=CARTESIAN_POINT('',(603.469466123,397.503604055,125.243613358));
#3494=CARTESIAN_POINT('',(601.687733524,398.186139246,125.721813165));
#3495=CARTESIAN_POINT('',(599.958175141,398.983810252,126.28018632));
#3496=CARTESIAN_POINT('',(605.124326814,396.588858698,124.603223188));
#3497=CARTESIAN_POINT('',(603.284658202,397.158931875,125.002392723));
#3498=CARTESIAN_POINT('',(601.482914642,397.851358448,125.48723503));
#3499=CARTESIAN_POINT('',(599.734948209,398.660047163,126.053484964));
#3500=CARTESIAN_POINT('',(605.124325463,396.588855772,124.603221139));
#3501=CARTESIAN_POINT('',(603.28465667,397.158929018,125.002390724));
#3502=CARTESIAN_POINT('',(601.482912944,397.851355674,125.487233086));
#3503=CARTESIAN_POINT('',(599.734946359,398.660044479,126.053483085));
#3504=CARTESIAN_POINT('',(605.124324112,396.588852845,124.60321909));
#3505=CARTESIAN_POINT('',(603.284655138,397.158926161,125.002388725));
#3506=CARTESIAN_POINT('',(601.482911246,397.851352899,125.487231142));
#3507=CARTESIAN_POINT('',(599.734944509,398.660041796,126.053481206));
#3508=CARTESIAN_POINT('',(605.12432276,396.588849919,124.603217041));
#3509=CARTESIAN_POINT('',(603.284653606,397.158923305,125.002386726));
#3510=CARTESIAN_POINT('',(601.482909549,397.851350124,125.487229197));
#3511=CARTESIAN_POINT('',(599.734942659,398.660039113,126.053479327));
#3512=B_SPLINE_SURFACE_WITH_KNOTS('',3,3,((#3464,#3465,#3466,#3467),(#3468,#3469,#3470,#3471),(#3472,#3473,#3474,#3475),(#3476,#3477,#3478,#3479),(#3480,#3481,#3482,#3483),(#3484,#3485,#3486,#3487),(#3488,#3489,#3490,#3491),(#3492,#3493,#3494,#3495),(#3496,#3497,#3498,#3499),(#3500,#3501,#3502,#3503),(#3504,#3505,#3506,#3507),(#3508,#3509,#3510,#3511)),.UNSPECIFIED.,.F.,.F.,.U.,(4,3,1,1,3,4),(4,4),(-0.000000006875,0.,0.285714286,0.571428571,1.,1.000003552),(0.300494398,0.433319981),.UNSPECIFIED.);
#3513=ORIENTED_EDGE('',*,*,#2698,.T.);
#3514=ORIENTED_EDGE('',*,*,#2025,.T.);
#3515=CARTESIAN_POINT('',(603.789716881,397.026167143,124.909429858));
#3516=CARTESIAN_POINT('',(603.913302228,397.098250598,124.95989506));
#3517=CARTESIAN_POINT('',(604.036731071,397.17589181,124.992842891));
#3518=CARTESIAN_POINT('',(604.16010147,397.257907019,125.011676646));
#3519=CARTESIAN_POINT('',(604.28347187,397.339922229,125.030510401));
#3520=CARTESIAN_POINT('',(604.408047924,397.427303967,125.034955795));
#3521=CARTESIAN_POINT('',(604.528558852,397.516330757,125.02550213));
#3522=CARTESIAN_POINT('',(604.649069781,397.605357548,125.016048466));
#3523=CARTESIAN_POINT('',(604.765746499,397.6960552,124.993106233));
#3524=CARTESIAN_POINT('',(604.877999167,397.788917193,124.955576577));
#3525=CARTESIAN_POINT('',(604.990251836,397.881779185,124.918046921));
#3526=CARTESIAN_POINT('',(605.097164517,397.976278542,124.86564226));
#3527=CARTESIAN_POINT('',(605.192974474,398.069254334,124.798126989));
#3528=CARTESIAN_POINT('',(605.28878443,398.162230127,124.730611719));
#3529=CARTESIAN_POINT('',(605.376020234,398.255997725,124.64653139));
#3530=CARTESIAN_POINT('',(605.447052371,398.344946672,124.548755513));
#3531=CARTESIAN_POINT('',(605.482568439,398.389421145,124.499867574));
#3532=CARTESIAN_POINT('',(605.514185159,398.432808745,124.447520106));
#3533=CARTESIAN_POINT('',(605.541301609,398.475004929,124.391234023));
#3534=CARTESIAN_POINT('',(605.56841806,398.517201113,124.334947939));
#3535=CARTESIAN_POINT('',(605.590966303,398.558270463,124.27447899));
#3536=CARTESIAN_POINT('',(605.607385799,398.596374528,124.211856229));
#3537=CARTESIAN_POINT('',(605.623805295,398.634478593,124.149233468));
#3538=CARTESIAN_POINT('',(605.634425663,398.6700424,124.083973776));
#3539=CARTESIAN_POINT('',(605.638874634,398.702915722,124.015915218));
#3540=CARTESIAN_POINT('',(605.643323604,398.735789043,123.94785666));
#3541=CARTESIAN_POINT('',(605.641421576,398.765497975,123.87781391));
#3542=CARTESIAN_POINT('',(605.633370495,398.791227291,123.807853839));
#3543=CARTESIAN_POINT('',(605.617268333,398.842685922,123.667933697));
#3544=CARTESIAN_POINT('',(605.575835861,398.879624877,123.524173817));
#3545=CARTESIAN_POINT('',(605.512946933,398.899208235,123.386968688));
#3546=B_SPLINE_CURVE_WITH_KNOTS('',3,(#3515,#3516,#3517,#3518,#3519,#3520,#3521,#3522,#3523,#3524,#3525,#3526,#3527,#3528,#3529,#3530,#3531,#3532,#3533,#3534,#3535,#3536,#3537,#3538,#3539,#3540,
#3541,#3542,#3543,#3544,#3545),.UNSPECIFIED.,.F.,.F.,(4,3,3,3,3,3,3,3,3,3,4),(0.,0.000447672,0.000895344,0.001343017,0.001790689,0.002238361,0.002462197,0.002686033,0.002909869,0.003133705,0.003581377),.UNSPECIFIED.);
#3547=EDGE_CURVE('',#2020,#1590,#3546,.T.);
#3548=ORIENTED_EDGE('',*,*,#3547,.T.);
#3549=ORIENTED_EDGE('',*,*,#1596,.T.);
#3550=EDGE_LOOP('',(#3513,#3514,#3548,#3549));
#3551=FACE_BOUND('',#3550,.T.);
#3552=ADVANCED_FACE('',(#3551),#3512,.F.);
#3553=CARTESIAN_POINT('',(642.193740527,473.331660596,124.824756055));
#3554=CARTESIAN_POINT('',(643.713780593,472.260478652,124.258506525));
#3555=CARTESIAN_POINT('',(645.162568226,471.088204054,123.773664363));
#3556=CARTESIAN_POINT('',(646.52735697,469.825150515,123.374495209));
#3557=CARTESIAN_POINT('',(646.527367824,469.82514047,123.374492035));
#3558=CARTESIAN_POINT('',(646.527378678,469.825130426,123.374488861));
#3559=CARTESIAN_POINT('',(646.527389532,469.825120381,123.374485686));
#3560=CARTESIAN_POINT('',(642.193740529,473.331660595,124.824756061));
#3561=CARTESIAN_POINT('',(643.713780594,472.260478651,124.258506531));
#3562=CARTESIAN_POINT('',(645.162568228,471.088204053,123.773664369));
#3563=CARTESIAN_POINT('',(646.527356971,469.825150514,123.374495216));
#3564=CARTESIAN_POINT('',(646.527367825,469.82514047,123.374492041));
#3565=CARTESIAN_POINT('',(646.527378679,469.825130425,123.374488867));
#3566=CARTESIAN_POINT('',(646.527389533,469.82512038,123.374485692));
#3567=CARTESIAN_POINT('',(642.19374053,473.331660594,124.824756067));
#3568=CARTESIAN_POINT('',(643.713780595,472.26047865,124.258506538));
#3569=CARTESIAN_POINT('',(645.162568229,471.088204052,123.773664375));
#3570=CARTESIAN_POINT('',(646.527356972,469.825150513,123.374495222));
#3571=CARTESIAN_POINT('',(646.527367826,469.825140469,123.374492048));
#3572=CARTESIAN_POINT('',(646.52737868,469.825130424,123.374488873));
#3573=CARTESIAN_POINT('',(646.527389534,469.825120379,123.374485699));
#3574=CARTESIAN_POINT('',(642.193740531,473.331660593,124.824756073));
#3575=CARTESIAN_POINT('',(643.713780596,472.260478649,124.258506544));
#3576=CARTESIAN_POINT('',(645.16256823,471.088204051,123.773664382));
#3577=CARTESIAN_POINT('',(646.527356973,469.825150512,123.374495229));
#3578=CARTESIAN_POINT('',(646.527367827,469.825140468,123.374492054));
#3579=CARTESIAN_POINT('',(646.527378681,469.825130423,123.37448888));
#3580=CARTESIAN_POINT('',(646.527389535,469.825120378,123.374485705));
#3581=CARTESIAN_POINT('',(642.263514287,473.282490582,125.115083596));
#3582=CARTESIAN_POINT('',(643.775607984,472.212268551,124.552763182));
#3583=CARTESIAN_POINT('',(645.216315236,471.042238417,124.071469837));
#3584=CARTESIAN_POINT('',(646.573118005,469.782800637,123.67533302));
#3585=CARTESIAN_POINT('',(646.573128796,469.782790621,123.67532987));
#3586=CARTESIAN_POINT('',(646.573139586,469.782780605,123.67532672));
#3587=CARTESIAN_POINT('',(646.573150376,469.78277059,123.675323569));
#3588=CARTESIAN_POINT('',(642.510877378,473.33884503,125.692406202));
#3589=CARTESIAN_POINT('',(644.015349343,472.267573418,125.137883065));
#3590=CARTESIAN_POINT('',(645.447746627,471.098217573,124.663517636));
#3591=CARTESIAN_POINT('',(646.796164242,469.841320492,124.273398593));
#3592=CARTESIAN_POINT('',(646.796174965,469.841310496,124.27339549));
#3593=CARTESIAN_POINT('',(646.796185689,469.841300501,124.273392388));
#3594=CARTESIAN_POINT('',(646.796196412,469.841290505,124.273389285));
#3595=CARTESIAN_POINT('',(643.172828915,473.942124233,126.350821191));
#3596=CARTESIAN_POINT('',(644.695417211,472.859012777,125.801068193));
#3597=CARTESIAN_POINT('',(646.144648195,471.676911864,125.331134023));
#3598=CARTESIAN_POINT('',(647.50867709,470.406399729,124.944651916));
#3599=CARTESIAN_POINT('',(647.508687937,470.406389625,124.944648842));
#3600=CARTESIAN_POINT('',(647.508698785,470.406379521,124.944645768));
#3601=CARTESIAN_POINT('',(647.508709633,470.406369417,124.944642695));
#3602=CARTESIAN_POINT('',(643.634126719,474.632771933,126.280185507));
#3603=CARTESIAN_POINT('',(645.1897083,473.533766471,125.721812751));
#3604=CARTESIAN_POINT('',(646.671666786,472.332009104,125.243612734));
#3605=CARTESIAN_POINT('',(648.067037646,471.03847743,124.850455378));
#3606=CARTESIAN_POINT('',(648.067048743,471.038467143,124.850452252));
#3607=CARTESIAN_POINT('',(648.06705984,471.038456856,124.850449125));
#3608=CARTESIAN_POINT('',(648.067070937,471.038446569,124.850445998));
#3609=CARTESIAN_POINT('',(643.802900341,474.987973656,126.05348414));
#3610=CARTESIAN_POINT('',(645.377227551,473.878535214,125.48723461));
#3611=CARTESIAN_POINT('',(646.8777576,472.664393666,125.002392448));
#3612=CARTESIAN_POINT('',(648.291288798,471.356231072,124.603223295));
#3613=CARTESIAN_POINT('',(648.29130004,471.356220669,124.603220121));
#3614=CARTESIAN_POINT('',(648.291311281,471.356210265,124.603216946));
#3615=CARTESIAN_POINT('',(648.291322522,471.356199862,124.603213772));
#3616=CARTESIAN_POINT('',(643.802901732,474.987976584,126.053482271));
#3617=CARTESIAN_POINT('',(645.377229096,473.878538056,125.487232677));
#3618=CARTESIAN_POINT('',(646.877759298,472.664396405,125.00239046));
#3619=CARTESIAN_POINT('',(648.291290647,471.356233691,124.603221257));
#3620=CARTESIAN_POINT('',(648.291301888,471.356223288,124.603218083));
#3621=CARTESIAN_POINT('',(648.291313129,471.356212884,124.603214908));
#3622=CARTESIAN_POINT('',(648.291324371,471.356202481,124.603211734));
#3623=CARTESIAN_POINT('',(643.802903123,474.987979511,126.053480403));
#3624=CARTESIAN_POINT('',(645.377230642,473.878540897,125.487230744));
#3625=CARTESIAN_POINT('',(646.877760997,472.664399144,125.002388472));
#3626=CARTESIAN_POINT('',(648.291292495,471.35623631,124.60321922));
#3627=CARTESIAN_POINT('',(648.291303736,471.356225907,124.603216045));
#3628=CARTESIAN_POINT('',(648.291314978,471.356215503,124.603212871));
#3629=CARTESIAN_POINT('',(648.291326219,471.3562051,124.603209696));
#3630=CARTESIAN_POINT('',(643.802904514,474.987982439,126.053478534));
#3631=CARTESIAN_POINT('',(645.377232187,473.878543739,125.48722881));
#3632=CARTESIAN_POINT('',(646.877762695,472.664401884,125.002386484));
#3633=CARTESIAN_POINT('',(648.291294343,471.356238929,124.603217182));
#3634=CARTESIAN_POINT('',(648.291305584,471.356228525,124.603214008));
#3635=CARTESIAN_POINT('',(648.291316826,471.356218122,124.603210833));
#3636=CARTESIAN_POINT('',(648.291328067,471.356207719,124.603207659));
#3637=B_SPLINE_SURFACE_WITH_KNOTS('',3,3,((#3553,#3554,#3555,#3556,#3557,#3558,#3559),(#3560,#3561,#3562,#3563,#3564,#3565,#3566),(#3567,#3568,#3569,#3570,#3571,#3572,#3573),(#3574,#3575,#3576,#3577,#3578,#3579,#3580),(#3581,#3582,#3583,#3584,#3585,#3586,#3587),(#3588,#3589,#3590,#3591,#3592,#3593,#3594),(#3595,#3596,#3597,#3598,#3599,#3600,#3601),(#3602,#3603,#3604,#3605,#3606,#3607,#3608),(#3609,#3610,#3611,#3612,#3613,#3614,#3615),(#3616,#3617,#3618,#3619,#3620,#3621,#3622),(#3623,#3624,#3625,#3626,#3627,#3628,#3629),(#3630,#3631,#3632,#3633,#3634,#3635,#3636)),.UNSPECIFIED.,.F.,.F.,.U.,(4,3,1,1,3,4),(4,3,4),(-0.000000006056,0.,0.285714286,0.571428571,1.,1.000003532),(-0.433319916,-0.30049441,-0.300493354),.UNSPECIFIED.);
#3638=ORIENTED_EDGE('',*,*,#3308,.T.);
#3639=ORIENTED_EDGE('',*,*,#1360,.T.);
#3640=CARTESIAN_POINT('',(646.484778138,469.864500799,123.38696951));
#3641=CARTESIAN_POINT('',(646.508953304,469.842189738,123.455495801));
#3642=CARTESIAN_POINT('',(646.533869389,469.82676108,123.524734154));
#3643=CARTESIAN_POINT('',(646.55944951,469.818256858,123.59471855));
#3644=CARTESIAN_POINT('',(646.585029631,469.809752636,123.664702945));
#3645=CARTESIAN_POINT('',(646.611536722,469.808244922,123.736129808));
#3646=CARTESIAN_POINT('',(646.638052977,469.814101724,123.806654658));
#3647=CARTESIAN_POINT('',(646.664569233,469.819958527,123.877179508));
#3648=CARTESIAN_POINT('',(646.690855487,469.832968028,123.94618923));
#3649=CARTESIAN_POINT('',(646.716894381,469.852943559,124.013732296));
#3650=CARTESIAN_POINT('',(646.742933276,469.87291909,124.081275362));
#3651=CARTESIAN_POINT('',(646.7689541,469.900256708,124.147920372));
#3652=CARTESIAN_POINT('',(646.793817522,469.933541669,124.210740741));
#3653=CARTESIAN_POINT('',(646.818680945,469.966826629,124.273561109));
#3654=CARTESIAN_POINT('',(646.842545893,470.006079442,124.332978328));
#3655=CARTESIAN_POINT('',(646.86557058,470.050587199,124.389383319));
#3656=CARTESIAN_POINT('',(646.888595268,470.095094955,124.445788311));
#3657=CARTESIAN_POINT('',(646.910732925,470.144901063,124.499044152));
#3658=CARTESIAN_POINT('',(646.931492029,470.197827257,124.547946692));
#3659=CARTESIAN_POINT('',(646.973010239,470.303679645,124.645751771));
#3660=CARTESIAN_POINT('',(647.010180692,470.424361877,124.728985761));
#3661=CARTESIAN_POINT('',(647.043110163,470.55483394,124.797209198));
#3662=CARTESIAN_POINT('',(647.108969104,470.815778067,124.933656073));
#3663=CARTESIAN_POINT('',(647.156434719,471.110354582,125.006461445));
#3664=CARTESIAN_POINT('',(647.19009135,471.407572876,125.025444407));
#3665=CARTESIAN_POINT('',(647.223747981,471.704791171,125.044427369));
#3666=CARTESIAN_POINT('',(647.244011241,472.010430851,125.009235807));
#3667=CARTESIAN_POINT('',(647.245263988,472.293382372,124.909429941));
#3668=B_SPLINE_CURVE_WITH_KNOTS('',3,(#3640,#3641,#3642,#3643,#3644,#3645,#3646,#3647,#3648,#3649,#3650,#3651,#3652,#3653,#3654,#3655,#3656,#3657,#3658,#3659,#3660,#3661,#3662,#3663,#3664,#3665,
#3666,#3667),.UNSPECIFIED.,.F.,.F.,(4,3,3,3,3,3,3,3,3,4),(0.,0.000224946,0.000449892,0.000674838,0.000899785,0.001124731,0.001349677,0.001799569,0.002699354,0.003599138),.UNSPECIFIED.);
#3669=EDGE_CURVE('',#1297,#2314,#3668,.T.);
#3670=ORIENTED_EDGE('',*,*,#3669,.T.);
#3671=ORIENTED_EDGE('',*,*,#2319,.T.);
#3672=EDGE_LOOP('',(#3638,#3639,#3670,#3671));
#3673=FACE_BOUND('',#3672,.T.);
#3674=ADVANCED_FACE('',(#3673),#3637,.F.);
#3675=CARTESIAN_POINT('',(658.959041635,448.29284178,123.374494943));
#3676=CARTESIAN_POINT('',(659.370483813,446.479371978,123.773664509));
#3677=CARTESIAN_POINT('',(659.661309997,444.638546515,124.258506868));
#3678=CARTESIAN_POINT('',(659.828960738,442.786560914,124.824756876));
#3679=CARTESIAN_POINT('',(658.959041634,448.292841781,123.37449495));
#3680=CARTESIAN_POINT('',(659.370483813,446.47937198,123.773664516));
#3681=CARTESIAN_POINT('',(659.661309996,444.638546517,124.258506875));
#3682=CARTESIAN_POINT('',(659.828960738,442.786560917,124.824756883));
#3683=CARTESIAN_POINT('',(658.959041634,448.292841783,123.374494958));
#3684=CARTESIAN_POINT('',(659.370483812,446.479371981,123.773664523));
#3685=CARTESIAN_POINT('',(659.661309996,444.638546519,124.258506882));
#3686=CARTESIAN_POINT('',(659.828960738,442.786560919,124.82475689));
#3687=CARTESIAN_POINT('',(658.959041634,448.292841784,123.374494965));
#3688=CARTESIAN_POINT('',(659.370483812,446.479371983,123.77366453));
#3689=CARTESIAN_POINT('',(659.661309996,444.638546521,124.258506889));
#3690=CARTESIAN_POINT('',(659.828960738,442.786560921,124.824756897));
#3691=CARTESIAN_POINT('',(658.945246085,448.353647008,123.675332748));
#3692=CARTESIAN_POINT('',(659.357549902,446.548900987,124.071469998));
#3693=CARTESIAN_POINT('',(659.650472522,444.716195665,124.552763525));
#3694=CARTESIAN_POINT('',(659.821265141,442.871571782,125.115084415));
#3695=CARTESIAN_POINT('',(659.107447767,448.517552563,124.273407641));
#3696=CARTESIAN_POINT('',(659.521743911,446.721338585,124.663527314));
#3697=CARTESIAN_POINT('',(659.818237523,444.896167815,125.137892112));
#3698=CARTESIAN_POINT('',(659.993749977,443.057619759,125.692415718));
#3699=CARTESIAN_POINT('',(659.953079755,448.852070092,124.944672272));
#3700=CARTESIAN_POINT('',(660.371361228,447.035528906,125.331154821));
#3701=CARTESIAN_POINT('',(660.670475375,445.18940746,125.80108764));
#3702=CARTESIAN_POINT('',(660.847183269,443.329250262,126.350841103));
#3703=CARTESIAN_POINT('',(660.779653826,449.019581111,124.850454849));
#3704=CARTESIAN_POINT('',(661.202199914,447.164386997,125.243613233));
#3705=CARTESIAN_POINT('',(661.501973455,445.280093463,125.721813092));
#3706=CARTESIAN_POINT('',(661.675949314,443.383416216,126.28018632));
#3707=CARTESIAN_POINT('',(661.166962197,449.054911318,124.603223031));
#3708=CARTESIAN_POINT('',(661.593098738,447.176674738,125.002392597));
#3709=CARTESIAN_POINT('',(661.894311572,445.27010551,125.487234956));
#3710=CARTESIAN_POINT('',(662.06794984,443.351977566,126.053484964));
#3711=CARTESIAN_POINT('',(661.166965407,449.054911611,124.603220982));
#3712=CARTESIAN_POINT('',(661.593101978,447.17667484,125.002390597));
#3713=CARTESIAN_POINT('',(661.894314823,445.270105427,125.487233012));
#3714=CARTESIAN_POINT('',(662.067953089,443.351977306,126.053483085));
#3715=CARTESIAN_POINT('',(661.166968617,449.054911904,124.603218933));
#3716=CARTESIAN_POINT('',(661.593105218,447.176674942,125.002388598));
#3717=CARTESIAN_POINT('',(661.894318075,445.270105344,125.487231067));
#3718=CARTESIAN_POINT('',(662.067956338,443.351977045,126.053481206));
#3719=CARTESIAN_POINT('',(661.166971827,449.054912197,124.603216884));
#3720=CARTESIAN_POINT('',(661.593108458,447.176675044,125.002386599));
#3721=CARTESIAN_POINT('',(661.894321327,445.270105261,125.487229123));
#3722=CARTESIAN_POINT('',(662.067959587,443.351976785,126.053479327));
#3723=B_SPLINE_SURFACE_WITH_KNOTS('',3,3,((#3675,#3676,#3677,#3678),(#3679,#3680,#3681,#3682),(#3683,#3684,#3685,#3686),(#3687,#3688,#3689,#3690),(#3691,#3692,#3693,#3694),(#3695,#3696,#3697,#3698),(#3699,#3700,#3701,#3702),(#3703,#3704,#3705,#3706),(#3707,#3708,#3709,#3710),(#3711,#3712,#3713,#3714),(#3715,#3716,#3717,#3718),(#3719,#3720,#3721,#3722)),.UNSPECIFIED.,.F.,.F.,.U.,(4,3,1,1,3,4),(4,4),(-0.000000006875,0.,0.285714286,0.571428571,1.,1.000003552),(0.300494381,0.433319981),.UNSPECIFIED.);
#3724=ORIENTED_EDGE('',*,*,#3254,.T.);
#3725=ORIENTED_EDGE('',*,*,#2271,.T.);
#3726=CARTESIAN_POINT('',(661.455547108,447.680450252,124.909429858));
#3727=CARTESIAN_POINT('',(661.331328045,447.751436738,124.959895176));
#3728=CARTESIAN_POINT('',(661.202374158,447.819508982,124.99284366));
#3729=CARTESIAN_POINT('',(661.06966151,447.885343713,125.011678307));
#3730=CARTESIAN_POINT('',(660.936948863,447.951178444,125.030512953));
#3731=CARTESIAN_POINT('',(660.798985845,448.015374147,125.034959497));
#3732=CARTESIAN_POINT('',(660.661630702,448.075226831,125.025506928));
#3733=CARTESIAN_POINT('',(660.524275558,448.135079515,125.016054359));
#3734=CARTESIAN_POINT('',(660.387390468,448.19077626,124.993113171));
#3735=CARTESIAN_POINT('',(660.25084298,448.24155939,124.955584209));
#3736=CARTESIAN_POINT('',(660.114295492,448.29234252,124.918055248));
#3737=CARTESIAN_POINT('',(659.978999578,448.337682393,124.865650717));
#3738=CARTESIAN_POINT('',(659.850574892,448.3741684,124.798135089));
#3739=CARTESIAN_POINT('',(659.722150205,448.410654407,124.730619462));
#3740=CARTESIAN_POINT('',(659.597327077,448.439318774,124.646538293));
#3741=CARTESIAN_POINT('',(659.484779179,448.456359458,124.548761483));
#3742=CARTESIAN_POINT('',(659.42850523,448.464879801,124.499873078));
#3743=CARTESIAN_POINT('',(659.375122278,448.470566597,124.447525112));
#3744=CARTESIAN_POINT('',(659.325021308,448.472951719,124.391238521));
#3745=CARTESIAN_POINT('',(659.274920337,448.475336841,124.334951929));
#3746=CARTESIAN_POINT('',(659.228079421,448.474329161,124.274482497));
#3747=CARTESIAN_POINT('',(659.186870916,448.46949648,124.211859309));
#3748=CARTESIAN_POINT('',(659.145662412,448.464663798,124.149236122));
#3749=CARTESIAN_POINT('',(659.109553416,448.456079062,124.083976048));
#3750=CARTESIAN_POINT('',(659.07886012,448.443495025,124.015917178));
#3751=CARTESIAN_POINT('',(659.048166823,448.430910989,123.947858309));
#3752=CARTESIAN_POINT('',(659.023389416,448.414409063,123.877815288));
#3753=CARTESIAN_POINT('',(659.00513291,448.394571767,123.807854989));
#3754=CARTESIAN_POINT('',(658.968619898,448.354897175,123.667934391));
#3755=CARTESIAN_POINT('',(658.957346096,448.300545973,123.524174194));
#3756=CARTESIAN_POINT('',(658.971830914,448.23629071,123.386968692));
#3757=B_SPLINE_CURVE_WITH_KNOTS('',3,(#3726,#3727,#3728,#3729,#3730,#3731,#3732,#3733,#3734,#3735,#3736,#3737,#3738,#3739,#3740,#3741,#3742,#3743,#3744,#3745,#3746,#3747,#3748,#3749,#3750,#3751,
#3752,#3753,#3754,#3755,#3756),.UNSPECIFIED.,.F.,.F.,(4,3,3,3,3,3,3,3,3,3,4),(0.,0.000447674,0.000895347,0.001343021,0.001790694,0.002238368,0.002462205,0.002686042,0.002909879,0.003133715,0.003581389),.UNSPECIFIED.);
#3758=EDGE_CURVE('',#2266,#1223,#3757,.T.);
#3759=ORIENTED_EDGE('',*,*,#3758,.T.);
#3760=ORIENTED_EDGE('',*,*,#1229,.T.);
#3761=EDGE_LOOP('',(#3724,#3725,#3759,#3760));
#3762=FACE_BOUND('',#3761,.T.);
#3763=ADVANCED_FACE('',(#3762),#3723,.F.);
#3764=CARTESIAN_POINT('',(576.171039506,442.786563611,124.824756055));
#3765=CARTESIAN_POINT('',(576.338690249,444.638547894,124.258506525));
#3766=CARTESIAN_POINT('',(576.629516014,446.479372089,123.773664363));
#3767=CARTESIAN_POINT('',(577.040958093,448.292840582,123.374495209));
#3768=CARTESIAN_POINT('',(577.040961443,448.292855344,123.37449196));
#3769=CARTESIAN_POINT('',(577.040964792,448.292870107,123.374488711));
#3770=CARTESIAN_POINT('',(577.040968141,448.292884869,123.374485461));
#3771=CARTESIAN_POINT('',(576.171039506,442.786563613,124.824756061));
#3772=CARTESIAN_POINT('',(576.338690249,444.638547896,124.258506531));
#3773=CARTESIAN_POINT('',(576.629516015,446.479372091,123.773664369));
#3774=CARTESIAN_POINT('',(577.040958093,448.292840583,123.374495216));
#3775=CARTESIAN_POINT('',(577.040961443,448.292855345,123.374491966));
#3776=CARTESIAN_POINT('',(577.040964792,448.292870108,123.374488717));
#3777=CARTESIAN_POINT('',(577.040968141,448.29288487,123.374485468));
#3778=CARTESIAN_POINT('',(576.171039506,442.786563614,124.824756067));
#3779=CARTESIAN_POINT('',(576.338690249,444.638547898,124.258506538));
#3780=CARTESIAN_POINT('',(576.629516015,446.479372092,123.773664375));
#3781=CARTESIAN_POINT('',(577.040958094,448.292840584,123.374495222));
#3782=CARTESIAN_POINT('',(577.040961443,448.292855347,123.374491973));
#3783=CARTESIAN_POINT('',(577.040964792,448.292870109,123.374488723));
#3784=CARTESIAN_POINT('',(577.040968142,448.292884872,123.374485474));
#3785=CARTESIAN_POINT('',(576.171039506,442.786563616,124.824756073));
#3786=CARTESIAN_POINT('',(576.338690249,444.638547899,124.258506544));
#3787=CARTESIAN_POINT('',(576.629516015,446.479372094,123.773664382));
#3788=CARTESIAN_POINT('',(577.040958094,448.292840586,123.374495229));
#3789=CARTESIAN_POINT('',(577.040961443,448.292855348,123.374491979));
#3790=CARTESIAN_POINT('',(577.040964793,448.292870111,123.37448873));
#3791=CARTESIAN_POINT('',(577.040968142,448.292884873,123.37448548));
#3792=CARTESIAN_POINT('',(576.178735107,442.871574467,125.115083596));
#3793=CARTESIAN_POINT('',(576.349527725,444.716197037,124.552763182));
#3794=CARTESIAN_POINT('',(576.642449919,446.548901183,124.071469837));
#3795=CARTESIAN_POINT('',(577.054753646,448.353645739,123.67533302));
#3796=CARTESIAN_POINT('',(577.054757002,448.353660431,123.675329796));
#3797=CARTESIAN_POINT('',(577.054760358,448.353675122,123.675326571));
#3798=CARTESIAN_POINT('',(577.054763715,448.353689814,123.675323346));
#3799=CARTESIAN_POINT('',(576.006250278,443.057622436,125.692414913));
#3800=CARTESIAN_POINT('',(576.181762726,444.896169182,125.137891776));
#3801=CARTESIAN_POINT('',(576.478255948,446.72133882,124.663527043));
#3802=CARTESIAN_POINT('',(576.892551942,448.51755127,124.273408));
#3803=CARTESIAN_POINT('',(576.892555315,448.517565892,124.273404824));
#3804=CARTESIAN_POINT('',(576.892558687,448.517580514,124.273401648));
#3805=CARTESIAN_POINT('',(576.89256206,448.517595136,124.273398472));
#3806=CARTESIAN_POINT('',(575.152816988,443.329252971,126.350840308));
#3807=CARTESIAN_POINT('',(575.329524876,445.189408842,125.801087309));
#3808=CARTESIAN_POINT('',(575.628638629,447.035529108,125.331154659));
#3809=CARTESIAN_POINT('',(576.046919967,448.852068849,124.944672552));
#3810=CARTESIAN_POINT('',(576.046923372,448.852083636,124.944669405));
#3811=CARTESIAN_POINT('',(576.046926777,448.852098424,124.944666259));
#3812=CARTESIAN_POINT('',(576.046930182,448.852113211,124.944663113));
#3813=CARTESIAN_POINT('',(574.32405094,443.383418976,126.280185507));
#3814=CARTESIAN_POINT('',(574.498026797,445.280094874,125.721812751));
#3815=CARTESIAN_POINT('',(574.797799964,447.164387253,125.243612734));
#3816=CARTESIAN_POINT('',(575.220345824,449.019579704,124.850455378));
#3817=CARTESIAN_POINT('',(575.220349264,449.019594806,124.850452178));
#3818=CARTESIAN_POINT('',(575.220352704,449.019609908,124.850448977));
#3819=CARTESIAN_POINT('',(575.220356143,449.01962501,124.850445777));
#3820=CARTESIAN_POINT('',(573.932050413,443.351980358,126.05348414));
#3821=CARTESIAN_POINT('',(574.105688682,445.270106937,125.48723461));
#3822=CARTESIAN_POINT('',(574.406901083,447.176674853,125.002392448));
#3823=CARTESIAN_POINT('',(574.833037522,449.054910077,124.603223295));
#3824=CARTESIAN_POINT('',(574.83304099,449.054925366,124.603220046));
#3825=CARTESIAN_POINT('',(574.833044459,449.054940656,124.603216796));
#3826=CARTESIAN_POINT('',(574.833047928,449.054955946,124.603213547));
#3827=CARTESIAN_POINT('',(573.932047182,443.351980099,126.053482271));
#3828=CARTESIAN_POINT('',(574.105685449,445.270106855,125.487232677));
#3829=CARTESIAN_POINT('',(574.406897861,447.176674954,125.00239046));
#3830=CARTESIAN_POINT('',(574.833034329,449.054910368,124.603221257));
#3831=CARTESIAN_POINT('',(574.833037798,449.054925658,124.603218008));
#3832=CARTESIAN_POINT('',(574.833041267,449.054940947,124.603214759));
#3833=CARTESIAN_POINT('',(574.833044736,449.054956237,124.603211509));
#3834=CARTESIAN_POINT('',(573.932043951,443.35197984,126.053480403));
#3835=CARTESIAN_POINT('',(574.105682215,445.270106773,125.487230744));
#3836=CARTESIAN_POINT('',(574.406894639,447.176675055,125.002388472));
#3837=CARTESIAN_POINT('',(574.833031137,449.054910659,124.60321922));
#3838=CARTESIAN_POINT('',(574.833034606,449.054925949,124.60321597));
#3839=CARTESIAN_POINT('',(574.833038075,449.054941238,124.603212721));
#3840=CARTESIAN_POINT('',(574.833041544,449.054956528,124.603209472));
#3841=CARTESIAN_POINT('',(573.93204072,443.351979581,126.053478534));
#3842=CARTESIAN_POINT('',(574.105678982,445.27010669,125.48722881));
#3843=CARTESIAN_POINT('',(574.406891418,447.176675157,125.002386484));
#3844=CARTESIAN_POINT('',(574.833027945,449.05491095,124.603217182));
#3845=CARTESIAN_POINT('',(574.833031414,449.05492624,124.603213933));
#3846=CARTESIAN_POINT('',(574.833034883,449.05494153,124.603210683));
#3847=CARTESIAN_POINT('',(574.833038352,449.054956819,124.603207434));
#3848=B_SPLINE_SURFACE_WITH_KNOTS('',3,3,((#3764,#3765,#3766,#3767,#3768,#3769,#3770),(#3771,#3772,#3773,#3774,#3775,#3776,#3777),(#3778,#3779,#3780,#3781,#3782,#3783,#3784),(#3785,#3786,#3787,#3788,#3789,#3790,#3791),(#3792,#3793,#3794,#3795,#3796,#3797,#3798),(#3799,#3800,#3801,#3802,#3803,#3804,#3805),(#3806,#3807,#3808,#3809,#3810,#3811,#3812),(#3813,#3814,#3815,#3816,#3817,#3818,#3819),(#3820,#3821,#3822,#3823,#3824,#3825,#3826),(#3827,#3828,#3829,#3830,#3831,#3832,#3833),(#3834,#3835,#3836,#3837,#3838,#3839,#3840),(#3841,#3842,#3843,#3844,#3845,#3846,#3847)),.UNSPECIFIED.,.F.,.F.,.U.,(4,3,1,1,3,4),(4,3,4),(-0.000000006056,0.,0.285714286,0.571428571,1.,1.000003532),(-0.433319916,-0.30049441,-0.300493329),.UNSPECIFIED.);
#3849=ORIENTED_EDGE('',*,*,#3000,.T.);
#3850=ORIENTED_EDGE('',*,*,#1536,.T.);
#3851=CARTESIAN_POINT('',(577.028169164,448.236291089,123.38696951));
#3852=CARTESIAN_POINT('',(577.035403556,448.268383055,123.455496073));
#3853=CARTESIAN_POINT('',(577.036307127,448.29767546,123.524734693));
#3854=CARTESIAN_POINT('',(577.030882027,448.324080756,123.594719337));
#3855=CARTESIAN_POINT('',(577.025456926,448.350486051,123.664703981));
#3856=CARTESIAN_POINT('',(577.013509297,448.374195896,123.736131012));
#3857=CARTESIAN_POINT('',(576.995179305,448.394231543,123.806656227));
#3858=CARTESIAN_POINT('',(576.976849314,448.41426719,123.877181442));
#3859=CARTESIAN_POINT('',(576.952440006,448.430527364,123.946191552));
#3860=CARTESIAN_POINT('',(576.922121716,448.443090362,124.013735028));
#3861=CARTESIAN_POINT('',(576.891803425,448.455653361,124.081278504));
#3862=CARTESIAN_POINT('',(576.855118491,448.464519748,124.147924029));
#3863=CARTESIAN_POINT('',(576.813861606,448.469410134,124.210745067));
#3864=CARTESIAN_POINT('',(576.772604721,448.47430052,124.273566106));
#3865=CARTESIAN_POINT('',(576.726678759,448.475342264,124.33298398));
#3866=CARTESIAN_POINT('',(576.676621992,448.473028823,124.3893896));
#3867=CARTESIAN_POINT('',(576.626565225,448.470715382,124.44579522));
#3868=CARTESIAN_POINT('',(576.572363181,448.464984522,124.499051931));
#3869=CARTESIAN_POINT('',(576.516148299,448.456499673,124.547955197));
#3870=CARTESIAN_POINT('',(576.403718537,448.439529975,124.645761729));
#3871=CARTESIAN_POINT('',(576.280619602,448.411379859,124.728996709));
#3872=CARTESIAN_POINT('',(576.151162221,448.374661507,124.79722073));
#3873=CARTESIAN_POINT('',(575.892247457,448.301224801,124.933668771));
#3874=CARTESIAN_POINT('',(575.613402461,448.195041076,125.00647151));
#3875=CARTESIAN_POINT('',(575.339174563,448.075577669,125.025451325));
#3876=CARTESIAN_POINT('',(575.064946666,447.956114263,125.044431141));
#3877=CARTESIAN_POINT('',(574.790123606,447.82084175,125.009236186));
#3878=CARTESIAN_POINT('',(574.544453094,447.680450368,124.909429941));
#3879=B_SPLINE_CURVE_WITH_KNOTS('',3,(#3851,#3852,#3853,#3854,#3855,#3856,#3857,#3858,#3859,#3860,#3861,#3862,#3863,#3864,#3865,#3866,#3867,#3868,#3869,#3870,#3871,#3872,#3873,#3874,#3875,#3876,
#3877,#3878),.UNSPECIFIED.,.F.,.F.,(4,3,3,3,3,3,3,3,3,4),(0.,0.000224947,0.000449894,0.000674841,0.000899788,0.001124735,0.001349682,0.001799576,0.002699364,0.003599152),.UNSPECIFIED.);
#3880=EDGE_CURVE('',#1473,#2494,#3879,.T.);
#3881=ORIENTED_EDGE('',*,*,#3880,.T.);
#3882=ORIENTED_EDGE('',*,*,#2499,.T.);
#3883=EDGE_LOOP('',(#3849,#3850,#3881,#3882));
#3884=FACE_BOUND('',#3883,.T.);
#3885=ADVANCED_FACE('',(#3884),#3848,.F.);
#3886=CARTESIAN_POINT('',(589.472642897,469.825150392,123.374495168));
#3887=CARTESIAN_POINT('',(590.8374325,471.0882044,123.773664691));
#3888=CARTESIAN_POINT('',(592.286220764,472.260479755,124.258506975));
#3889=CARTESIAN_POINT('',(593.806261686,473.331662156,124.824756876));
#3890=CARTESIAN_POINT('',(589.472642896,469.825150391,123.374495175));
#3891=CARTESIAN_POINT('',(590.837432499,471.088204399,123.773664698));
#3892=CARTESIAN_POINT('',(592.286220763,472.260479754,124.258506982));
#3893=CARTESIAN_POINT('',(593.806261684,473.331662155,124.824756883));
#3894=CARTESIAN_POINT('',(589.472642895,469.82515039,123.374495183));
#3895=CARTESIAN_POINT('',(590.837432498,471.088204398,123.773664705));
#3896=CARTESIAN_POINT('',(592.286220761,472.260479753,124.258506989));
#3897=CARTESIAN_POINT('',(593.806261683,473.331662154,124.82475689));
#3898=CARTESIAN_POINT('',(589.472642894,469.825150389,123.37449519));
#3899=CARTESIAN_POINT('',(590.837432497,471.088204397,123.773664712));
#3900=CARTESIAN_POINT('',(592.28622076,472.260479752,124.258506996));
#3901=CARTESIAN_POINT('',(593.806261681,473.331662152,124.824756897));
#3902=CARTESIAN_POINT('',(589.426881795,469.78280048,123.675332971));
#3903=CARTESIAN_POINT('',(590.783685565,471.042238799,124.071470179));
#3904=CARTESIAN_POINT('',(592.224393365,472.212269652,124.552763631));
#3905=CARTESIAN_POINT('',(593.736487914,473.28249214,125.115084415));
#3906=CARTESIAN_POINT('',(589.203835543,469.841320302,124.273398455));
#3907=CARTESIAN_POINT('',(590.552254185,471.098218007,124.663518088));
#3908=CARTESIAN_POINT('',(591.984651998,472.267574518,125.137883507));
#3909=CARTESIAN_POINT('',(593.489124812,473.338846589,125.692407009));
#3910=CARTESIAN_POINT('',(588.49132274,470.406399582,124.944651858));
#3911=CARTESIAN_POINT('',(589.855352594,471.676912286,125.331134367));
#3912=CARTESIAN_POINT('',(591.304584146,472.859013889,125.801068631));
#3913=CARTESIAN_POINT('',(592.827173301,473.942125809,126.350821991));
#3914=CARTESIAN_POINT('',(587.932962096,471.038477152,124.850455071));
#3915=CARTESIAN_POINT('',(589.328334054,472.332009578,125.243613412));
#3916=CARTESIAN_POINT('',(590.810293087,473.533767602,125.721813197));
#3917=CARTESIAN_POINT('',(592.365875545,474.632773532,126.28018632));
#3918=CARTESIAN_POINT('',(587.708711064,471.356230945,124.603223256));
#3919=CARTESIAN_POINT('',(589.122243153,472.664394024,125.002392779));
#3920=CARTESIAN_POINT('',(590.622773854,473.878536356,125.487235062));
#3921=CARTESIAN_POINT('',(592.197101951,474.987975271,126.053484964));
#3922=CARTESIAN_POINT('',(587.708709206,471.356233578,124.603221207));
#3923=CARTESIAN_POINT('',(589.122241445,472.664396779,125.00239078));
#3924=CARTESIAN_POINT('',(590.6227723,473.878539214,125.487233118));
#3925=CARTESIAN_POINT('',(592.197100552,474.987978215,126.053483085));
#3926=CARTESIAN_POINT('',(587.708707347,471.356236212,124.603219158));
#3927=CARTESIAN_POINT('',(589.122239736,472.664399534,125.00238878));
#3928=CARTESIAN_POINT('',(590.622770746,473.878542071,125.487231174));
#3929=CARTESIAN_POINT('',(592.197099153,474.987981159,126.053481206));
#3930=CARTESIAN_POINT('',(587.708705488,471.356238845,124.603217109));
#3931=CARTESIAN_POINT('',(589.122238028,472.664402289,125.002386781));
#3932=CARTESIAN_POINT('',(590.622769192,473.878544929,125.48722923));
#3933=CARTESIAN_POINT('',(592.197097754,474.987984103,126.053479327));
#3934=B_SPLINE_SURFACE_WITH_KNOTS('',3,3,((#3886,#3887,#3888,#3889),(#3890,#3891,#3892,#3893),(#3894,#3895,#3896,#3897),(#3898,#3899,#3900,#3901),(#3902,#3903,#3904,#3905),(#3906,#3907,#3908,#3909),(#3910,#3911,#3912,#3913),(#3914,#3915,#3916,#3917),(#3918,#3919,#3920,#3921),(#3922,#3923,#3924,#3925),(#3926,#3927,#3928,#3929),(#3930,#3931,#3932,#3933)),.UNSPECIFIED.,.F.,.F.,.U.,(4,3,1,1,3,4),(4,4),(-0.000000006875,0.,0.285714286,0.571428571,1.,1.000003552),(0.300494406,0.433319981),.UNSPECIFIED.);
#3935=ORIENTED_EDGE('',*,*,#3087,.T.);
#3936=ORIENTED_EDGE('',*,*,#2443,.T.);
#3937=CARTESIAN_POINT('',(588.754736011,472.293382605,124.909429858));
#3938=CARTESIAN_POINT('',(588.75536944,472.150312971,124.959895009));
#3939=CARTESIAN_POINT('',(588.760894363,472.004600002,124.992842555));
#3940=CARTESIAN_POINT('',(588.770236541,471.856750666,125.011675921));
#3941=CARTESIAN_POINT('',(588.779578718,471.708901329,125.030509286));
#3942=CARTESIAN_POINT('',(588.792965663,471.557324621,125.034954178));
#3943=CARTESIAN_POINT('',(588.809809822,471.408445904,125.025500035));
#3944=CARTESIAN_POINT('',(588.826653982,471.259567187,125.016045892));
#3945=CARTESIAN_POINT('',(588.846862253,471.113173581,124.993103203));
#3946=CARTESIAN_POINT('',(588.871156871,470.969529141,124.955573243));
#3947=CARTESIAN_POINT('',(588.895451489,470.825884701,124.918043283));
#3948=CARTESIAN_POINT('',(588.923834005,470.6860463,124.865638566));
#3949=CARTESIAN_POINT('',(588.956448375,470.556584674,124.798123451));
#3950=CARTESIAN_POINT('',(588.989062744,470.427123049,124.730608336));
#3951=CARTESIAN_POINT('',(589.026649844,470.304690812,124.646528373));
#3952=CARTESIAN_POINT('',(589.068165691,470.198700518,124.548752904));
#3953=CARTESIAN_POINT('',(589.088923615,470.145705371,124.499865169));
#3954=CARTESIAN_POINT('',(589.110689947,470.09663056,124.447517919));
#3955=CARTESIAN_POINT('',(589.133674617,470.052048779,124.391232057));
#3956=CARTESIAN_POINT('',(589.156659286,470.007466997,124.334946195));
#3957=CARTESIAN_POINT('',(589.180952196,469.967404777,124.274477458));
#3958=CARTESIAN_POINT('',(589.205741477,469.934132842,124.211854883));
#3959=CARTESIAN_POINT('',(589.230530758,469.900860907,124.149232309));
#3960=CARTESIAN_POINT('',(589.256019681,469.873881289,124.083972784));
#3961=CARTESIAN_POINT('',(589.282264284,469.85359152,124.015914362));
#3962=CARTESIAN_POINT('',(589.308508888,469.833301751,123.947855939));
#3963=CARTESIAN_POINT('',(589.335188554,469.820094333,123.877813308));
#3964=CARTESIAN_POINT('',(589.361496304,469.814201999,123.807853337));
#3965=CARTESIAN_POINT('',(589.414111802,469.802417331,123.667933393));
#3966=CARTESIAN_POINT('',(589.466818061,469.81982938,123.524173652));
#3967=CARTESIAN_POINT('',(589.515222153,469.864501057,123.386968686));
#3968=B_SPLINE_CURVE_WITH_KNOTS('',3,(#3937,#3938,#3939,#3940,#3941,#3942,#3943,#3944,#3945,#3946,#3947,#3948,#3949,#3950,#3951,#3952,#3953,#3954,#3955,#3956,#3957,#3958,#3959,#3960,#3961,#3962,
#3963,#3964,#3965,#3966,#3967),.UNSPECIFIED.,.F.,.F.,(4,3,3,3,3,3,3,3,3,3,4),(0.,0.000447672,0.000895343,0.001343015,0.001790686,0.002238358,0.002462194,0.002686029,0.002909865,0.003133701,0.003581372),.UNSPECIFIED.);
#3969=EDGE_CURVE('',#2438,#1399,#3968,.T.);
#3970=ORIENTED_EDGE('',*,*,#3969,.T.);
#3971=ORIENTED_EDGE('',*,*,#1405,.T.);
#3972=EDGE_LOOP('',(#3935,#3936,#3970,#3971));
#3973=FACE_BOUND('',#3972,.T.);
#3974=ADVANCED_FACE('',(#3973),#3934,.F.);
#3975=CARTESIAN_POINT('',(618.,409.658174322,72.073513632));
#3976=DIRECTION('',(0.,-0.573576436,0.819152044));
#3977=DIRECTION('',(0.,-0.819152044,-0.573576436));
#3978=AXIS2_PLACEMENT_3D('',#3975,#3976,#3977);
#3979=CONICAL_SURFACE('',#3978,15.910568024,9.648045316);
#3980=CARTESIAN_POINT('',(618.,360.608385806,99.40942484));
#3981=DIRECTION('',(-0.,0.702749875,-0.711437006));
#3982=VECTOR('',#3981,48.243505932);
#3983=LINE('',#3980,#3982);
#3984=EDGE_CURVE('',#2078,#262,#3983,.T.);
#3985=ORIENTED_EDGE('',*,*,#3984,.F.);
#3986=ORIENTED_EDGE('',*,*,#2084,.T.);
#3987=ORIENTED_EDGE('',*,*,#3458,.F.);
#3988=ORIENTED_EDGE('',*,*,#1169,.F.);
#3989=ORIENTED_EDGE('',*,*,#279,.T.);
#3990=EDGE_LOOP('',(#3985,#3986,#3987,#3988,#3989));
#3991=FACE_BOUND('',#3990,.T.);
#3992=ADVANCED_FACE('',(#3991),#3979,.F.);
#3993=CARTESIAN_POINT('',(643.41076643,453.670912839,72.073513632));
#3994=DIRECTION('',(0.496731765,0.286788218,0.819152044));
#3995=DIRECTION('',(0.70940648,0.409576022,-0.573576436));
#3996=AXIS2_PLACEMENT_3D('',#3993,#3994,#3995);
#3997=CONICAL_SURFACE('',#3996,15.910568024,9.648045316);
#3998=CARTESIAN_POINT('',(685.889129336,478.195807097,99.40942484));
#3999=DIRECTION('',(-0.608599244,-0.351374937,-0.711437006));
#4000=VECTOR('',#3999,48.243505932);
#4001=LINE('',#3998,#4000);
#4002=EDGE_CURVE('',#2322,#227,#4001,.T.);
#4003=ORIENTED_EDGE('',*,*,#4002,.F.);
#4004=ORIENTED_EDGE('',*,*,#2328,.T.);
#4005=ORIENTED_EDGE('',*,*,#3669,.F.);
#4006=ORIENTED_EDGE('',*,*,#1351,.F.);
#4007=ORIENTED_EDGE('',*,*,#244,.T.);
#4008=EDGE_LOOP('',(#4003,#4004,#4005,#4006,#4007));
#4009=FACE_BOUND('',#4008,.T.);
#4010=ADVANCED_FACE('',(#4009),#3997,.F.);
#4011=CARTESIAN_POINT('',(592.58923357,453.670912839,72.073513632));
#4012=DIRECTION('',(-0.496731765,0.286788218,0.819152044));
#4013=DIRECTION('',(-0.70940648,0.409576022,-0.573576436));
#4014=AXIS2_PLACEMENT_3D('',#4011,#4012,#4013);
#4015=CONICAL_SURFACE('',#4014,15.910568024,9.648045316);
#4016=CARTESIAN_POINT('',(550.110870664,478.195807097,99.40942484));
#4017=DIRECTION('',(0.608599244,-0.351374937,-0.711437006));
#4018=VECTOR('',#4017,48.243505932);
#4019=LINE('',#4016,#4018);
#4020=EDGE_CURVE('',#2502,#192,#4019,.T.);
#4021=ORIENTED_EDGE('',*,*,#4020,.F.);
#4022=ORIENTED_EDGE('',*,*,#2508,.T.);
#4023=ORIENTED_EDGE('',*,*,#3880,.F.);
#4024=ORIENTED_EDGE('',*,*,#1527,.F.);
#4025=ORIENTED_EDGE('',*,*,#209,.T.);
#4026=EDGE_LOOP('',(#4021,#4022,#4023,#4024,#4025));
#4027=FACE_BOUND('',#4026,.T.);
#4028=ADVANCED_FACE('',(#4027),#4015,.F.);
#4029=CARTESIAN_POINT('',(0.,0.,65.));
#4030=DIRECTION('',(0.,0.,1.));
#4031=DIRECTION('',(1.,0.,0.));
#4032=AXIS2_PLACEMENT_3D('',#4029,#4030,#4031);
#4033=PLANE('',#4032);
#4034=ORIENTED_EDGE('',*,*,#725,.F.);
#4035=ORIENTED_EDGE('',*,*,#3052,.T.);
#4036=CARTESIAN_POINT('',(594.516970759,452.557933253,65.));
#4037=DIRECTION('',(-0.,-0.,-1.));
#4038=DIRECTION('',(-0.866025404,0.5,0.));
#4039=AXIS2_PLACEMENT_3D('',#4036,#4037,#4038);
#4040=ELLIPSE('',#4039,22.908908703,18.632454463);
#4041=EDGE_CURVE('',#3040,#719,#4040,.T.);
#4042=ORIENTED_EDGE('',*,*,#4041,.T.);
#4043=EDGE_LOOP('',(#4034,#4035,#4042));
#4044=FACE_BOUND('',#4043,.T.);
#4045=ADVANCED_FACE('',(#4044),#4033,.F.);
#4046=CARTESIAN_POINT('',(0.,0.,65.));
#4047=DIRECTION('',(0.,0.,1.));
#4048=DIRECTION('',(1.,0.,0.));
#4049=AXIS2_PLACEMENT_3D('',#4046,#4047,#4048);
#4050=PLANE('',#4049);
#4051=ORIENTED_EDGE('',*,*,#539,.F.);
#4052=ORIENTED_EDGE('',*,*,#1095,.F.);
#4053=ORIENTED_EDGE('',*,*,#2845,.T.);
#4054=CARTESIAN_POINT('',(618.,411.884133493,65.));
#4055=DIRECTION('',(-0.,-0.,-1.));
#4056=DIRECTION('',(0.,-1.,0.));
#4057=AXIS2_PLACEMENT_3D('',#4054,#4055,#4056);
#4058=ELLIPSE('',#4057,22.908908703,18.632454463);
#4059=EDGE_CURVE('',#2833,#533,#4058,.T.);
#4060=ORIENTED_EDGE('',*,*,#4059,.T.);
#4061=EDGE_LOOP('',(#4051,#4052,#4053,#4060));
#4062=FACE_BOUND('',#4061,.T.);
#4063=ADVANCED_FACE('',(#4062),#4050,.F.);
#4064=CARTESIAN_POINT('',(0.,0.,65.));
#4065=DIRECTION('',(0.,0.,1.));
#4066=DIRECTION('',(1.,0.,0.));
#4067=AXIS2_PLACEMENT_3D('',#4064,#4065,#4066);
#4068=PLANE('',#4067);
#4069=ORIENTED_EDGE('',*,*,#468,.T.);
#4070=ORIENTED_EDGE('',*,*,#77,.T.);
#4071=CARTESIAN_POINT('',(618.,552.886078307,65.));
#4072=DIRECTION('',(-0.,-0.,-1.));
#4073=DIRECTION('',(-0.,1.,0.));
#4074=AXIS2_PLACEMENT_3D('',#4071,#4072,#4073);
#4075=ELLIPSE('',#4074,63.913801507,52.277133237);
#4076=EDGE_CURVE('',#61,#462,#4075,.T.);
#4077=ORIENTED_EDGE('',*,*,#4076,.T.);
#4078=EDGE_LOOP('',(#4069,#4070,#4077));
#4079=FACE_BOUND('',#4078,.T.);
#4080=ADVANCED_FACE('',(#4079),#4068,.F.);
#4081=CARTESIAN_POINT('',(618.,490.939990326,-18.487885855));
#4082=DIRECTION('',(-0.,0.573576436,0.819152044));
#4083=DIRECTION('',(-0.,-0.819152044,0.573576436));
#4084=AXIS2_PLACEMENT_3D('',#4081,#4082,#4083);
#4085=CONICAL_SURFACE('',#4084,44.257451908,4.455602833);
#4086=ORIENTED_EDGE('',*,*,#68,.T.);
#4087=ORIENTED_EDGE('',*,*,#1809,.T.);
#4088=CARTESIAN_POINT('',(584.914941071,470.95901869,5.9622155));
#4089=VERTEX_POINT('',#4088);
#4090=CARTESIAN_POINT('',(584.914941071,470.95901869,5.9622155));
#4091=CARTESIAN_POINT('',(584.677077186,470.712773938,4.967005494));
#4092=CARTESIAN_POINT('',(584.445039044,470.467057079,3.966718679));
#4093=CARTESIAN_POINT('',(584.218816093,470.22229354,2.9622155));
#4094=B_SPLINE_CURVE_WITH_KNOTS('',3,(#4090,#4091,#4092,#4093),.UNSPECIFIED.,.F.,.F.,(4,4),(1.916754214,2.209095774),.UNSPECIFIED.);
#4095=EDGE_CURVE('',#4089,#1802,#4094,.T.);
#4096=ORIENTED_EDGE('',*,*,#4095,.F.);
#4097=CARTESIAN_POINT('',(586.14783519,471.140349982,8.9622155));
#4098=VERTEX_POINT('',#4097);
#4099=CARTESIAN_POINT('',(586.14783519,471.140349982,8.9622155));
#4100=CARTESIAN_POINT('',(586.01425739,471.007969901,8.445312682));
#4101=CARTESIAN_POINT('',(585.843608503,470.9243056,7.93615683));
#4102=CARTESIAN_POINT('',(585.637433256,470.89178762,7.433889639));
#4103=CARTESIAN_POINT('',(585.534345633,470.87552863,7.182756043));
#4104=CARTESIAN_POINT('',(585.421879122,470.872248291,6.932565343));
#4105=CARTESIAN_POINT('',(585.300858443,470.883179152,6.68592952));
#4106=CARTESIAN_POINT('',(585.179837765,470.894110012,6.439293697));
#4107=CARTESIAN_POINT('',(585.051216318,470.919082631,6.198016798));
#4108=CARTESIAN_POINT('',(584.914941071,470.95901869,5.9622155));
#4109=B_SPLINE_CURVE_WITH_KNOTS('',3,(#4099,#4100,#4101,#4102,#4103,#4104,#4105,#4106,#4107,#4108),.UNSPECIFIED.,.F.,.F.,(4,3,3,4),(0.,0.00162832,0.00244248,0.003256639),.UNSPECIFIED.);
#4110=EDGE_CURVE('',#4098,#4089,#4109,.T.);
#4111=ORIENTED_EDGE('',*,*,#4110,.F.);
#4112=CARTESIAN_POINT('',(586.84307206,478.105573021,22.9622155));
#4113=CARTESIAN_POINT('',(587.082743726,477.288092204,21.93370534));
#4114=CARTESIAN_POINT('',(587.240087466,476.533535301,20.861589483));
#4115=CARTESIAN_POINT('',(587.321684216,475.834128425,19.751042157));
#4116=CARTESIAN_POINT('',(587.403280965,475.134721549,18.640494831));
#4117=CARTESIAN_POINT('',(587.409151806,474.490517166,17.491485001));
#4118=CARTESIAN_POINT('',(587.343072334,473.900564855,16.304821528));
#4119=CARTESIAN_POINT('',(587.310032598,473.6055887,15.711489791));
#4120=CARTESIAN_POINT('',(587.258701261,473.323804548,15.107330518));
#4121=CARTESIAN_POINT('',(587.190650205,473.059710572,14.501890921));
#4122=CARTESIAN_POINT('',(587.122599149,472.795616595,13.896451323));
#4123=CARTESIAN_POINT('',(587.037797619,472.548217346,13.287883697));
#4124=CARTESIAN_POINT('',(586.937170792,472.317566312,12.676007176));
#4125=CARTESIAN_POINT('',(586.735917139,471.856264242,11.452254136));
#4126=CARTESIAN_POINT('',(586.471693794,471.46130472,10.215443388));
#4127=CARTESIAN_POINT('',(586.14783519,471.140349982,8.9622155));
#4128=B_SPLINE_CURVE_WITH_KNOTS('',3,(#4112,#4113,#4114,#4115,#4116,#4117,#4118,#4119,#4120,#4121,#4122,#4123,#4124,#4125,#4126,#4127),.UNSPECIFIED.,.F.,.F.,(4,3,3,3,3,4),(0.,0.003944429,0.007888858,0.009861072,0.011833287,0.015777715),.UNSPECIFIED.);
#4129=EDGE_CURVE('',#471,#4098,#4128,.T.);
#4130=ORIENTED_EDGE('',*,*,#4129,.F.);
#4131=ORIENTED_EDGE('',*,*,#522,.F.);
#4132=ORIENTED_EDGE('',*,*,#4076,.F.);
#4133=EDGE_LOOP('',(#4086,#4087,#4096,#4111,#4130,#4131,#4132));
#4134=FACE_BOUND('',#4133,.T.);
#4135=ADVANCED_FACE('',(#4134),#4085,.F.);
#4136=CARTESIAN_POINT('',(618.,490.939990326,-18.487885855));
#4137=DIRECTION('',(-0.,0.573576436,0.819152044));
#4138=DIRECTION('',(-0.,-0.819152044,0.573576436));
#4139=AXIS2_PLACEMENT_3D('',#4136,#4137,#4138);
#4140=CONICAL_SURFACE('',#4139,48.269577231,4.455602833);
#4141=ORIENTED_EDGE('',*,*,#313,.F.);
#4142=ORIENTED_EDGE('',*,*,#1783,.F.);
#4143=ORIENTED_EDGE('',*,*,#1837,.T.);
#4144=EDGE_LOOP('',(#4141,#4142,#4143));
#4145=FACE_BOUND('',#4144,.T.);
#4146=ADVANCED_FACE('',(#4145),#4140,.T.);
#4147=CARTESIAN_POINT('',(618.,439.,4.4622155));
#4148=DIRECTION('',(-0.,0.,1.));
#4149=DIRECTION('',(0.,-1.,0.));
#4150=AXIS2_PLACEMENT_3D('',#4147,#4148,#4149);
#4151=CYLINDRICAL_SURFACE('',#4150,46.);
#4152=ORIENTED_EDGE('',*,*,#1853,.F.);
#4153=CARTESIAN_POINT('',(618.,439.,5.9622155));
#4154=DIRECTION('',(-0.,0.,1.));
#4155=DIRECTION('',(1.,0.,0.));
#4156=AXIS2_PLACEMENT_3D('',#4153,#4154,#4155);
#4157=CIRCLE('',#4156,46.);
#4158=EDGE_CURVE('',#4089,#1848,#4157,.T.);
#4159=ORIENTED_EDGE('',*,*,#4158,.F.);
#4160=ORIENTED_EDGE('',*,*,#4095,.T.);
#4161=ORIENTED_EDGE('',*,*,#1826,.T.);
#4162=EDGE_LOOP('',(#4152,#4159,#4160,#4161));
#4163=FACE_BOUND('',#4162,.T.);
#4164=ADVANCED_FACE('',(#4163),#4151,.T.);
#4165=CARTESIAN_POINT('',(618.,439.,8.9622155));
#4166=DIRECTION('',(-0.,0.,1.));
#4167=DIRECTION('',(0.,-1.,0.));
#4168=AXIS2_PLACEMENT_3D('',#4165,#4166,#4167);
#4169=TOROIDAL_SURFACE('',#4168,51.625,6.375);
#4170=ORIENTED_EDGE('',*,*,#1879,.T.);
#4171=CARTESIAN_POINT('',(618.,439.,8.9622155));
#4172=DIRECTION('',(-0.,0.,1.));
#4173=DIRECTION('',(1.,0.,0.));
#4174=AXIS2_PLACEMENT_3D('',#4171,#4172,#4173);
#4175=CIRCLE('',#4174,45.25);
#4176=EDGE_CURVE('',#4098,#1873,#4175,.T.);
#4177=ORIENTED_EDGE('',*,*,#4176,.F.);
#4178=ORIENTED_EDGE('',*,*,#4110,.T.);
#4179=ORIENTED_EDGE('',*,*,#4158,.T.);
#4180=EDGE_LOOP('',(#4170,#4177,#4178,#4179));
#4181=FACE_BOUND('',#4180,.T.);
#4182=ADVANCED_FACE('',(#4181),#4169,.F.);
#4183=CARTESIAN_POINT('',(618.,439.,8.9622155));
#4184=DIRECTION('',(-0.,0.,1.));
#4185=DIRECTION('',(0.,-1.,0.));
#4186=AXIS2_PLACEMENT_3D('',#4183,#4184,#4185);
#4187=TOROIDAL_SURFACE('',#4186,68.256578947,23.006578947);
#4188=ORIENTED_EDGE('',*,*,#1903,.T.);
#4189=ORIENTED_EDGE('',*,*,#529,.F.);
#4190=ORIENTED_EDGE('',*,*,#4129,.T.);
#4191=ORIENTED_EDGE('',*,*,#4176,.T.);
#4192=EDGE_LOOP('',(#4188,#4189,#4190,#4191));
#4193=FACE_BOUND('',#4192,.T.);
#4194=ADVANCED_FACE('',(#4193),#4187,.F.);
#4195=CARTESIAN_POINT('',(618.,439.,123.514670222));
#4196=DIRECTION('',(0.,0.,1.));
#4197=DIRECTION('',(1.,0.,-0.));
#4198=AXIS2_PLACEMENT_3D('',#4195,#4196,#4197);
#4199=TOROIDAL_SURFACE('',#4198,67.1,22.1);
#4200=ORIENTED_EDGE('',*,*,#2144,.F.);
#4201=CARTESIAN_POINT('',(618.,439.,123.514670222));
#4202=DIRECTION('',(0.,0.,1.));
#4203=DIRECTION('',(1.,0.,-0.));
#4204=AXIS2_PLACEMENT_3D('',#4201,#4202,#4203);
#4205=CIRCLE('',#4204,45.);
#4206=EDGE_CURVE('',#2797,#2136,#4205,.T.);
#4207=ORIENTED_EDGE('',*,*,#4206,.F.);
#4208=ORIENTED_EDGE('',*,*,#2803,.T.);
#4209=ORIENTED_EDGE('',*,*,#2124,.T.);
#4210=ORIENTED_EDGE('',*,*,#2209,.T.);
#4211=EDGE_LOOP('',(#4200,#4207,#4208,#4209,#4210));
#4212=FACE_BOUND('',#4211,.T.);
#4213=ADVANCED_FACE('',(#4212),#4199,.T.);
#4214=CARTESIAN_POINT('',(618.,439.,123.514670222));
#4215=DIRECTION('',(0.,0.,1.));
#4216=DIRECTION('',(1.,0.,-0.));
#4217=AXIS2_PLACEMENT_3D('',#4214,#4215,#4216);
#4218=TOROIDAL_SURFACE('',#4217,50.,5.);
#4219=ORIENTED_EDGE('',*,*,#2571,.F.);
#4220=ORIENTED_EDGE('',*,*,#2642,.F.);
#4221=ORIENTED_EDGE('',*,*,#2819,.T.);
#4222=ORIENTED_EDGE('',*,*,#4206,.T.);
#4223=EDGE_LOOP('',(#4219,#4220,#4221,#4222));
#4224=FACE_BOUND('',#4223,.T.);
#4225=ADVANCED_FACE('',(#4224),#4218,.T.);
#4226=CARTESIAN_POINT('',(618.,395.318763414,92.55231474));
#4227=DIRECTION('',(0.,-0.573576436,0.819152044));
#4228=DIRECTION('',(0.,-0.819152044,-0.573576436));
#4229=AXIS2_PLACEMENT_3D('',#4226,#4227,#4228);
#4230=CONICAL_SURFACE('',#4229,24.217956346,9.648045316);
#4231=ORIENTED_EDGE('',*,*,#2838,.F.);
#4232=ORIENTED_EDGE('',*,*,#2042,.F.);
#4233=ORIENTED_EDGE('',*,*,#614,.F.);
#4234=ORIENTED_EDGE('',*,*,#4059,.F.);
#4235=EDGE_LOOP('',(#4231,#4232,#4233,#4234));
#4236=FACE_BOUND('',#4235,.T.);
#4237=ADVANCED_FACE('',(#4236),#4230,.T.);
#4238=CARTESIAN_POINT('',(618.,439.,123.514670222));
#4239=DIRECTION('',(0.,0.,1.));
#4240=DIRECTION('',(-0.866025404,-0.5,0.));
#4241=AXIS2_PLACEMENT_3D('',#4238,#4239,#4240);
#4242=TOROIDAL_SURFACE('',#4241,67.1,22.1);
#4243=ORIENTED_EDGE('',*,*,#2864,.F.);
#4244=CARTESIAN_POINT('',(618.,439.,123.514670222));
#4245=DIRECTION('',(0.,0.,1.));
#4246=DIRECTION('',(1.,0.,-0.));
#4247=AXIS2_PLACEMENT_3D('',#4244,#4245,#4246);
#4248=CIRCLE('',#4247,45.);
#4249=EDGE_CURVE('',#3004,#2858,#4248,.T.);
#4250=ORIENTED_EDGE('',*,*,#4249,.F.);
#4251=ORIENTED_EDGE('',*,*,#3010,.T.);
#4252=ORIENTED_EDGE('',*,*,#2541,.T.);
#4253=ORIENTED_EDGE('',*,*,#1972,.T.);
#4254=EDGE_LOOP('',(#4243,#4250,#4251,#4252,#4253));
#4255=FACE_BOUND('',#4254,.T.);
#4256=ADVANCED_FACE('',(#4255),#4242,.T.);
#4257=CARTESIAN_POINT('',(618.,439.,123.514670222));
#4258=DIRECTION('',(0.,0.,1.));
#4259=DIRECTION('',(-0.866025404,-0.5,0.));
#4260=AXIS2_PLACEMENT_3D('',#4257,#4258,#4259);
#4261=TOROIDAL_SURFACE('',#4260,50.,5.);
#4262=ORIENTED_EDGE('',*,*,#2891,.F.);
#4263=ORIENTED_EDGE('',*,*,#2926,.F.);
#4264=ORIENTED_EDGE('',*,*,#3026,.T.);
#4265=ORIENTED_EDGE('',*,*,#4249,.T.);
#4266=EDGE_LOOP('',(#4262,#4263,#4264,#4265));
#4267=FACE_BOUND('',#4266,.T.);
#4268=ADVANCED_FACE('',(#4267),#4261,.T.);
#4269=CARTESIAN_POINT('',(580.170939447,460.840618293,92.55231474));
#4270=DIRECTION('',(-0.496731765,0.286788218,0.819152044));
#4271=DIRECTION('',(-0.70940648,0.409576022,-0.573576436));
#4272=AXIS2_PLACEMENT_3D('',#4269,#4270,#4271);
#4273=CONICAL_SURFACE('',#4272,24.217956346,9.648045316);
#4274=ORIENTED_EDGE('',*,*,#3045,.F.);
#4275=ORIENTED_EDGE('',*,*,#2466,.F.);
#4276=ORIENTED_EDGE('',*,*,#800,.F.);
#4277=ORIENTED_EDGE('',*,*,#4041,.F.);
#4278=EDGE_LOOP('',(#4274,#4275,#4276,#4277));
#4279=FACE_BOUND('',#4278,.T.);
#4280=ADVANCED_FACE('',(#4279),#4273,.T.);
#4281=CARTESIAN_POINT('',(618.,439.,119.014670222));
#4282=DIRECTION('',(0.,-0.,1.));
#4283=DIRECTION('',(0.,1.,0.));
#4284=AXIS2_PLACEMENT_3D('',#4281,#4282,#4283);
#4285=CYLINDRICAL_SURFACE('',#4284,46.);
#4286=ORIENTED_EDGE('',*,*,#3186,.T.);
#4287=ORIENTED_EDGE('',*,*,#3218,.F.);
#4288=ORIENTED_EDGE('',*,*,#3318,.T.);
#4289=ORIENTED_EDGE('',*,*,#3170,.T.);
#4290=EDGE_LOOP('',(#4286,#4287,#4288,#4289));
#4291=FACE_BOUND('',#4290,.T.);
#4292=ADVANCED_FACE('',(#4291),#4285,.F.);
#4293=CARTESIAN_POINT('',(655.829060553,460.840618293,92.55231474));
#4294=DIRECTION('',(0.496731765,0.286788218,0.819152044));
#4295=DIRECTION('',(0.70940648,0.409576022,-0.573576436));
#4296=AXIS2_PLACEMENT_3D('',#4293,#4294,#4295);
#4297=CONICAL_SURFACE('',#4296,24.217956346,9.648045316);
#4298=ORIENTED_EDGE('',*,*,#3334,.F.);
#4299=ORIENTED_EDGE('',*,*,#2294,.F.);
#4300=ORIENTED_EDGE('',*,*,#986,.F.);
#4301=ORIENTED_EDGE('',*,*,#1931,.F.);
#4302=EDGE_LOOP('',(#4298,#4299,#4300,#4301));
#4303=FACE_BOUND('',#4302,.T.);
#4304=ADVANCED_FACE('',(#4303),#4297,.T.);
#4305=CARTESIAN_POINT('',(618.,409.658174322,72.073513632));
#4306=DIRECTION('',(0.,-0.573576436,0.819152044));
#4307=DIRECTION('',(0.,-0.819152044,-0.573576436));
#4308=AXIS2_PLACEMENT_3D('',#4305,#4306,#4307);
#4309=CONICAL_SURFACE('',#4308,15.910568024,9.648045316);
#4310=ORIENTED_EDGE('',*,*,#3984,.T.);
#4311=ORIENTED_EDGE('',*,*,#270,.T.);
#4312=ORIENTED_EDGE('',*,*,#1660,.F.);
#4313=ORIENTED_EDGE('',*,*,#3547,.F.);
#4314=ORIENTED_EDGE('',*,*,#2091,.T.);
#4315=EDGE_LOOP('',(#4310,#4311,#4312,#4313,#4314));
#4316=FACE_BOUND('',#4315,.T.);
#4317=ADVANCED_FACE('',(#4316),#4309,.F.);
#4318=CARTESIAN_POINT('',(643.41076643,453.670912839,72.073513632));
#4319=DIRECTION('',(0.496731765,0.286788218,0.819152044));
#4320=DIRECTION('',(0.70940648,0.409576022,-0.573576436));
#4321=AXIS2_PLACEMENT_3D('',#4318,#4319,#4320);
#4322=CONICAL_SURFACE('',#4321,15.910568024,9.648045316);
#4323=ORIENTED_EDGE('',*,*,#4002,.T.);
#4324=ORIENTED_EDGE('',*,*,#235,.T.);
#4325=ORIENTED_EDGE('',*,*,#1293,.F.);
#4326=ORIENTED_EDGE('',*,*,#3758,.F.);
#4327=ORIENTED_EDGE('',*,*,#2335,.T.);
#4328=EDGE_LOOP('',(#4323,#4324,#4325,#4326,#4327));
#4329=FACE_BOUND('',#4328,.T.);
#4330=ADVANCED_FACE('',(#4329),#4322,.F.);
#4331=CARTESIAN_POINT('',(592.58923357,453.670912839,72.073513632));
#4332=DIRECTION('',(-0.496731765,0.286788218,0.819152044));
#4333=DIRECTION('',(-0.70940648,0.409576022,-0.573576436));
#4334=AXIS2_PLACEMENT_3D('',#4331,#4332,#4333);
#4335=CONICAL_SURFACE('',#4334,15.910568024,9.648045316);
#4336=ORIENTED_EDGE('',*,*,#4020,.T.);
#4337=ORIENTED_EDGE('',*,*,#200,.T.);
#4338=ORIENTED_EDGE('',*,*,#1469,.F.);
#4339=ORIENTED_EDGE('',*,*,#3969,.F.);
#4340=ORIENTED_EDGE('',*,*,#2515,.T.);
#4341=EDGE_LOOP('',(#4336,#4337,#4338,#4339,#4340));
#4342=FACE_BOUND('',#4341,.T.);
#4343=ADVANCED_FACE('',(#4342),#4335,.F.);
#4344=CLOSED_SHELL('',(#185,#220,#255,#299,#437,#1099,#1795,#1841,#1866,#1892,#1910,#1935,#1976,#2011,#2095,#2129,#2191,#2215,#2257,#2339,#2351,#2412,#2429,#2519,#2546,#2558,
#2604,#2647,#2669,#2749,#2826,#2851,#2878,#2904,#2939,#2956,#3033,#3058,#3130,#3174,#3199,#3225,#3264,#3324,#3341,#3463,#3552,#3674,#3763,#3885,#3974,
#3992,#4010,#4028,#4045,#4063,#4080,#4135,#4146,#4164,#4182,#4194,#4213,#4225,#4237,#4256,#4268,#4280,#4292,#4304,#4317,#4330,#4343));
#4345=MANIFOLD_SOLID_BREP('80mm to 50mm Planter Module',#4344);
#4346=COLOUR_RGB('',0.627451003,0.627451003,0.627451003);
#4347=FILL_AREA_STYLE_COLOUR('',#4346);
#4348=FILL_AREA_STYLE('',(#4347));
#4349=SURFACE_STYLE_FILL_AREA(#4348);
#4350=SURFACE_SIDE_STYLE('',(#4349));
#4351=SURFACE_STYLE_USAGE(.BOTH.,#4350);
#4352=PRESENTATION_STYLE_ASSIGNMENT((#4351));
#54=STYLED_ITEM('',(#4352),#4345);
#35=SHAPE_REPRESENTATION('80mm to 50mm Planter Module',(#15),#33);
#36=ADVANCED_BREP_SHAPE_REPRESENTATION('80mm to 50mm Planter Module',(#4345),#33);
#4360=SHAPE_REPRESENTATION_RELATIONSHIP('','',#35,#36);
#4361=CARTESIAN_POINT('',(0.,0.,0.));
#4362=DIRECTION('',(0.,0.,1.));
#4363=DIRECTION('',(1.,0.,0.));
#4364=AXIS2_PLACEMENT_3D('',#4361,#4362,#4363);
#4366=MAPPED_ITEM('',#4365,#4364);
#4365=REPRESENTATION_MAP(#4364,#35);
#4367=APPLICATION_CONTEXT('Managed model based 3d engineering');
#4368=APPLICATION_PROTOCOL_DEFINITION('international standard','ap242_managed_model_based_3d_engineering',2013,#4367);
#4369=PRODUCT_CONTEXT('',#4367,'mechanical');
#4370=PRODUCT_DEFINITION_CONTEXT('part definition',#4367,'design');
#43=PRODUCT('80mm to 50mm Planter Module','80mm to 50mm Planter Module','',(#4369));
#4371=PRODUCT_RELATED_PRODUCT_CATEGORY('part','',(#43));
#4372=PRODUCT_DEFINITION_FORMATION_WITH_SPECIFIED_SOURCE('','',#43,.NOT_KNOWN.);
#44=PRODUCT_DEFINITION('design','',#4372,#4370);
#42=PRODUCT_DEFINITION_SHAPE('','',#44);
#4373=SHAPE_DEFINITION_REPRESENTATION(#42,#35);
#34=DRAUGHTING_MODEL('',(#4366),#33);
#16=SHAPE_REPRESENTATION('root',(#15,#48),#10);
#4374=CARTESIAN_POINT('',(0.,0.,0.));
#4375=DIRECTION('',(0.,0.,1.));
#4376=DIRECTION('',(1.,0.,0.));
#4377=AXIS2_PLACEMENT_3D('',#4374,#4375,#4376);
#4379=MAPPED_ITEM('',#4378,#4377);
#4378=REPRESENTATION_MAP(#4377,#16);
#24=PRODUCT('root','root','',(#4369));
#4380=PRODUCT_RELATED_PRODUCT_CATEGORY('part','',(#24));
#4381=PRODUCT_DEFINITION_FORMATION_WITH_SPECIFIED_SOURCE('','',#24,.NOT_KNOWN.);
#25=PRODUCT_DEFINITION('design','',#4381,#4370);
#23=PRODUCT_DEFINITION_SHAPE('','',#25);
#4382=SHAPE_DEFINITION_REPRESENTATION(#23,#16);
#11=DRAUGHTING_MODEL('',(#4379),#10);
#4383=DESCRIPTIVE_REPRESENTATION_ITEM('KEY','/Users/tyoder/Library/Containers/com.shapr3d.shapr/Data/tmp/8AB25D0B-FAE6-4020-A913-56B56F5690D1.tmp');
#4384=PROPERTY_DEFINITION('KEY','',#25);
#4385=REPRESENTATION('',(#4383),#10);
#4386=PROPERTY_DEFINITION_REPRESENTATION(#4384,#4385);
#4387=GENERAL_PROPERTY('','KEY','');
#4388=GENERAL_PROPERTY_ASSOCIATION('','',#4387,#4384);
#1=MECHANICAL_DESIGN_GEOMETRIC_PRESENTATION_REPRESENTATION('',(#54),#10);
ENDSEC;
END-ISO-10303-21;
